Time,Lat, Long,  Bearing (Degs), Frequency (Hz), Strength
12/12/2014 12:00:00, 0.017998560115190784, -0.004499640028797696, 163.30075, 179.28346, 43.48058
12/12/2014 12:00:05, 0.017998560115190784, -0.004499640028797696, 163.1782, 179.28375, 43.58773
12/12/2014 12:00:10, 0.017998560115190784, -0.004499640028797696, 163.05388, 179.28407, 43.695488
12/12/2014 12:00:15, 0.017998560115190784, -0.004499640028797696, 162.92778, 179.28438, 43.803856
12/12/2014 12:00:20, 0.017998560115190784, -0.004499640028797696, 162.79984, 179.2847, 43.91284
12/12/2014 12:00:25, 0.017998560115190784, -0.004499640028797696, 162.67001, 179.28502, 44.022457
12/12/2014 12:00:30, 0.017998560115190784, -0.004499640028797696, 162.53828, 179.28535, 44.1327
12/12/2014 12:00:35, 0.017998560115190784, -0.004499640028797696, 162.4046, 179.28569, 44.243584
12/12/2014 12:00:40, 0.017998560115190784, -0.004499640028797696, 162.26892, 179.28604, 44.355114
12/12/2014 12:00:45, 0.017998560115190784, -0.004499640028797696, 162.1312, 179.28639, 44.467293
12/12/2014 12:00:50, 0.017998560115190784, -0.004499640028797696, 161.9914, 179.28674, 44.580135
12/12/2014 12:00:55, 0.017998560115190784, -0.004499640028797696, 161.84946, 179.28712, 44.69364
12/12/2014 12:01:00, 0.017998560115190784, -0.004499640028797696, 161.70534, 179.28749, 44.807827
12/12/2014 12:01:05, 0.017998560115190784, -0.004499640028797696, 161.559, 179.28787, 44.922688
12/12/2014 12:01:10, 0.017998560115190784, -0.004499640028797696, 161.41039, 179.28827, 45.038242
12/12/2014 12:01:15, 0.017998560115190784, -0.004499640028797696, 161.25945, 179.28867, 45.15449
12/12/2014 12:01:20, 0.017998560115190784, -0.004499640028797696, 161.10611, 179.28908, 45.271442
12/12/2014 12:01:25, 0.017998560115190784, -0.004499640028797696, 160.95035, 179.2895, 45.38911
12/12/2014 12:01:30, 0.017998560115190784, -0.004499640028797696, 160.7921, 179.28993, 45.507492
12/12/2014 12:01:35, 0.017998560115190784, -0.004499640028797696, 160.63129, 179.29036, 45.626606
12/12/2014 12:01:40, 0.017998560115190784, -0.004499640028797696, 160.46788, 179.29082, 45.746452
12/12/2014 12:01:45, 0.017998560115190784, -0.004499640028797696, 160.30179, 179.29128, 45.867043
12/12/2014 12:01:50, 0.017998560115190784, -0.004499640028797696, 160.13297, 179.29175, 45.988388
12/12/2014 12:01:55, 0.017998560115190784, -0.004499640028797696, 159.96135, 179.29222, 46.11049
12/12/2014 12:02:00, 0.017998560115190784, -0.004499640028797696, 159.78688, 179.29271, 46.23336
12/12/2014 12:02:05, 0.017998560115190784, -0.004499640028797696, 159.60945, 179.29321, 46.35701
12/12/2014 12:02:10, 0.017998560115190784, -0.004499640028797696, 159.42903, 179.29373, 46.48144
12/12/2014 12:02:15, 0.017998560115190784, -0.004499640028797696, 159.24553, 179.29425, 46.60667
12/12/2014 12:02:20, 0.017998560115190784, -0.004499640028797696, 159.05887, 179.2948, 46.7327
12/12/2014 12:02:25, 0.017998560115190784, -0.004499640028797696, 158.86899, 179.29535, 46.859543
12/12/2014 12:02:30, 0.017998560115190784, -0.004499640028797696, 158.67578, 179.29591, 46.987206
12/12/2014 12:02:35, 0.017998560115190784, -0.004499640028797696, 158.47917, 179.2965, 47.115696
12/12/2014 12:02:40, 0.017998560115190784, -0.004499640028797696, 158.2791, 179.29709, 47.245026
12/12/2014 12:02:45, 0.017998560115190784, -0.004499640028797696, 158.07544, 179.2977, 47.375202
12/12/2014 12:02:50, 0.017998560115190784, -0.004499640028797696, 157.86812, 179.29832, 47.506237
12/12/2014 12:02:55, 0.017998560115190784, -0.004499640028797696, 157.65706, 179.29897, 47.638134
12/12/2014 12:03:00, 0.017998560115190784, -0.004499640028797696, 157.44212, 179.29962, 47.77091
12/12/2014 12:03:05, 0.017998560115190784, -0.004499640028797696, 157.22325, 179.3003, 47.904564
12/12/2014 12:03:10, 0.017998560115190784, -0.004499640028797696, 157.00032, 179.30098, 48.039116
12/12/2014 12:03:15, 0.017998560115190784, -0.004499640028797696, 156.77322, 179.3017, 48.17457
12/12/2014 12:03:20, 0.017998560115190784, -0.004499640028797696, 156.54185, 179.30241, 48.310936
12/12/2014 12:03:25, 0.017998560115190784, -0.004499640028797696, 156.30609, 179.30316, 48.448223
12/12/2014 12:03:30, 0.017998560115190784, -0.004499640028797696, 156.06583, 179.30394, 48.58644
12/12/2014 12:03:35, 0.017998560115190784, -0.004499640028797696, 155.82094, 179.30472, 48.725597
12/12/2014 12:03:40, 0.017998560115190784, -0.004499640028797696, 155.5713, 179.30553, 48.865704
12/12/2014 12:03:45, 0.017998560115190784, -0.004499640028797696, 155.31677, 179.30637, 49.00677
12/12/2014 12:03:50, 0.017998560115190784, -0.004499640028797696, 155.05722, 179.30722, 49.148804
12/12/2014 12:03:55, 0.017998560115190784, -0.004499640028797696, 154.79253, 179.3081, 49.291817
12/12/2014 12:04:00, 0.017998560115190784, -0.004499640028797696, 154.52252, 179.309, 49.435814
12/12/2014 12:04:05, 0.017998560115190784, -0.004499640028797696, 154.24709, 179.30994, 49.58081
12/12/2014 12:04:10, 0.017998560115190784, -0.004499640028797696, 153.96603, 179.3109, 49.726807
12/12/2014 12:04:15, 0.017998560115190784, -0.004499640028797696, 153.67921, 179.31187, 49.873817
12/12/2014 12:04:20, 0.017998560115190784, -0.004499640028797696, 153.38649, 179.31288, 50.02185
12/12/2014 12:04:25, 0.017998560115190784, -0.004499640028797696, 153.08766, 179.31393, 50.170914
12/12/2014 12:04:30, 0.017998560115190784, -0.004499640028797696, 152.78256, 179.315, 50.32102
12/12/2014 12:04:35, 0.017998560115190784, -0.004499640028797696, 152.47101, 179.31612, 50.472168
12/12/2014 12:04:40, 0.017998560115190784, -0.004499640028797696, 152.15282, 179.31725, 50.62437
12/12/2014 12:04:45, 0.017998560115190784, -0.004499640028797696, 151.8278, 179.31842, 50.777634
12/12/2014 12:04:50, 0.017998560115190784, -0.004499640028797696, 151.49574, 179.31964, 50.93197
12/12/2014 12:04:55, 0.017998560115190784, -0.004499640028797696, 151.15645, 179.32088, 51.087376
12/12/2014 12:05:00, 0.017998560115190784, -0.004499640028797696, 150.8097, 179.32217, 51.243866
12/12/2014 12:05:05, 0.017998560115190784, -0.004499640028797696, 150.45526, 179.3235, 51.401447
12/12/2014 12:05:10, 0.017998560115190784, -0.004499640028797696, 150.09291, 179.32486, 51.560116
12/12/2014 12:05:15, 0.017998560115190784, -0.004499640028797696, 149.72243, 179.32628, 51.719887
12/12/2014 12:05:20, 0.017998560115190784, -0.004499640028797696, 149.34354, 179.32773, 51.880756
12/12/2014 12:05:25, 0.017998560115190784, -0.004499640028797696, 148.95601, 179.32924, 52.042732
12/12/2014 12:05:30, 0.017998560115190784, -0.004499640028797696, 148.55957, 179.3308, 52.205814
12/12/2014 12:05:35, 0.017998560115190784, -0.004499640028797696, 148.15396, 179.3324, 52.370003
12/12/2014 12:05:40, 0.017998560115190784, -0.004499640028797696, 147.73888, 179.33406, 52.535305
12/12/2014 12:05:45, 0.017998560115190784, -0.004499640028797696, 147.31404, 179.33577, 52.701717
12/12/2014 12:05:50, 0.017998560115190784, -0.004499640028797696, 146.87915, 179.33755, 52.869236
12/12/2014 12:05:55, 0.017998560115190784, -0.004499640028797696, 146.43391, 179.33939, 53.037857
12/12/2014 12:06:00, 0.017998560115190784, -0.004499640028797696, 145.978, 179.34128, 53.207584
12/12/2014 12:06:05, 0.017998560115190784, -0.004499640028797696, 145.51106, 179.34325, 53.378407
12/12/2014 12:06:10, 0.017998560115190784, -0.004499640028797696, 145.03279, 179.34528, 53.550316
12/12/2014 12:06:15, 0.017998560115190784, -0.004499640028797696, 144.54282, 179.34737, 53.72331
12/12/2014 12:06:20, 0.017998560115190784, -0.004499640028797696, 144.04079, 179.34955, 53.897373
12/12/2014 12:06:25, 0.017998560115190784, -0.004499640028797696, 143.52634, 179.35179, 54.072495
12/12/2014 12:06:30, 0.017998560115190784, -0.004499640028797696, 142.99907, 179.35413, 54.248657
12/12/2014 12:06:35, 0.017998560115190784, -0.004499640028797696, 142.4586, 179.35655, 54.425846
12/12/2014 12:06:40, 0.017998560115190784, -0.004499640028797696, 141.90454, 179.35905, 54.604046
12/12/2014 12:06:45, 0.017998560115190784, -0.004499640028797696, 141.33647, 179.36165, 54.78323
12/12/2014 12:06:50, 0.017998560115190784, -0.004499640028797696, 140.75395, 179.36433, 54.96337
12/12/2014 12:06:55, 0.017998560115190784, -0.004499640028797696, 140.15657, 179.36713, 55.144447
12/12/2014 12:07:00, 0.017998560115190784, -0.004499640028797696, 139.54387, 179.37003, 55.326424
12/12/2014 12:07:05, 0.017998560115190784, -0.004499640028797696, 138.91542, 179.37302, 55.50927
12/12/2014 12:07:10, 0.017998560115190784, -0.004499640028797696, 138.27075, 179.37613, 55.69294
12/12/2014 12:07:15, 0.017998560115190784, -0.004499640028797696, 137.60939, 179.37936, 55.877396
12/12/2014 12:07:20, 0.017998560115190784, -0.004499640028797696, 136.93086, 179.3827, 56.062588
12/12/2014 12:07:25, 0.017998560115190784, -0.004499640028797696, 136.23471, 179.38618, 56.248466
12/12/2014 12:07:30, 0.017998560115190784, -0.004499640028797696, 135.52043, 179.38979, 56.43498
12/12/2014 12:07:35, 0.017998560115190784, -0.004499640028797696, 134.78754, 179.39352, 56.622055
12/12/2014 12:07:40, 0.017998560115190784, -0.004499640028797696, 134.03555, 179.39742, 56.80963
12/12/2014 12:07:45, 0.017998560115190784, -0.004499640028797696, 133.26399, 179.40144, 56.99764
12/12/2014 12:07:50, 0.017998560115190784, -0.004499640028797696, 132.47237, 179.40562, 57.185993
12/12/2014 12:07:55, 0.017998560115190784, -0.004499640028797696, 131.6602, 179.40997, 57.37461
12/12/2014 12:08:00, 0.017998560115190784, -0.004499640028797696, 130.82701, 179.41447, 57.563404
12/12/2014 12:08:05, 0.017998560115190784, -0.004499640028797696, 129.97235, 179.41916, 57.752266
12/12/2014 12:08:10, 0.017998560115190784, -0.004499640028797696, 129.09578, 179.42401, 57.941097
12/12/2014 12:08:15, 0.017998560115190784, -0.004499640028797696, 128.19685, 179.42905, 58.129784
12/12/2014 12:08:20, 0.017998560115190784, -0.004499640028797696, 127.27517, 179.43427, 58.3182
12/12/2014 12:08:25, 0.017998560115190784, -0.004499640028797696, 126.33035, 179.43967, 58.506218
12/12/2014 12:08:30, 0.017998560115190784, -0.004499640028797696, 125.36205, 179.44528, 58.693707
12/12/2014 12:08:35, 0.017998560115190784, -0.004499640028797696, 124.36996, 179.4511, 58.88052
12/12/2014 12:08:40, 0.017998560115190784, -0.004499640028797696, 123.353806, 179.45712, 59.0665
12/12/2014 12:08:45, 0.017998560115190784, -0.004499640028797696, 122.313354, 179.46335, 59.251495
12/12/2014 12:08:50, 0.017998560115190784, -0.004499640028797696, 121.24844, 179.4698, 59.43533
12/12/2014 12:08:55, 0.017998560115190784, -0.004499640028797696, 120.158966, 179.47647, 59.617832
12/12/2014 12:09:00, 0.017998560115190784, -0.004499640028797696, 119.044876, 179.48337, 59.79882
12/12/2014 12:09:05, 0.017998560115190784, -0.004499640028797696, 117.90619, 179.4905, 59.978104
12/12/2014 12:09:10, 0.017998560115190784, -0.004499640028797696, 116.74303, 179.49785, 60.155487
12/12/2014 12:09:15, 0.017998560115190784, -0.004499640028797696, 115.55557, 179.50543, 60.330772
12/12/2014 12:09:20, 0.017998560115190784, -0.004499640028797696, 114.34411, 179.51324, 60.503757
12/12/2014 12:09:25, 0.017998560115190784, -0.004499640028797696, 113.109024, 179.52129, 60.674232
12/12/2014 12:09:30, 0.017998560115190784, -0.004499640028797696, 111.850784, 179.52956, 60.841984
12/12/2014 12:09:35, 0.017998560115190784, -0.004499640028797696, 110.57, 179.53806, 61.006805
12/12/2014 12:09:40, 0.017998560115190784, -0.004499640028797696, 109.26736, 179.54678, 61.168488
12/12/2014 12:09:45, 0.017998560115190784, -0.004499640028797696, 107.94368, 179.55573, 61.32682
12/12/2014 12:09:50, 0.017998560115190784, -0.004499640028797696, 106.59991, 179.56488, 61.4816
12/12/2014 12:09:55, 0.017998560115190784, -0.004499640028797696, 105.237076, 179.57423, 61.632633
12/12/2014 12:10:00, 0.017998560115190784, -0.004499640028797696, 103.85635, 179.58379, 61.77972
12/12/2014 12:10:05, 0.017998560115190784, -0.004499640028797696, 102.45902, 179.59352, 61.922688
12/12/2014 12:10:10, 0.017998560115190784, -0.004499640028797696, 101.04648, 179.60344, 62.06136
12/12/2014 12:10:15, 0.017998560115190784, -0.004499640028797696, 99.6202, 179.61351, 62.19558
12/12/2014 12:10:20, 0.017998560115190784, -0.004499640028797696, 98.18179, 179.62373, 62.325207
12/12/2014 12:10:25, 0.017998560115190784, -0.004499640028797696, 96.732925, 179.6341, 62.45011
12/12/2014 12:10:30, 0.017998560115190784, -0.004499640028797696, 95.27535, 179.64458, 62.57019
12/12/2014 12:10:35, 0.017998560115190784, -0.004499640028797696, 93.810905, 179.65517, 62.685352
12/12/2014 12:10:40, 0.017998560115190784, -0.004499640028797696, 92.34145, 179.66583, 62.79553
12/12/2014 12:10:45, 0.017998560115190784, -0.004499640028797696, 90.86892, 179.67657, 62.90067
12/12/2014 12:10:50, 0.017998560115190784, -0.004499640028797696, 89.39523, 179.68738, 63.000748
12/12/2014 12:10:55, 0.017998560115190784, -0.004499640028797696, 87.92235, 179.69821, 63.095764
12/12/2014 12:11:00, 0.017998560115190784, -0.004499640028797696, 86.4522, 179.70908, 63.185734
12/12/2014 12:11:05, 0.017998560115190784, -0.004499640028797696, 84.98672, 179.71994, 63.270695
12/12/2014 12:11:10, 0.017998560115190784, -0.004499640028797696, 83.52778, 179.73079, 63.35071
12/12/2014 12:11:15, 0.017998560115190784, -0.004499640028797696, 82.077225, 179.74161, 63.425858
12/12/2014 12:11:20, 0.017998560115190784, -0.004499640028797696, 80.63681, 179.75238, 63.49624
12/12/2014 12:11:25, 0.017998560115190784, -0.004499640028797696, 79.208244, 179.7631, 63.561966
12/12/2014 12:11:30, 0.017998560115190784, -0.004499640028797696, 77.79312, 179.77376, 63.623173
12/12/2014 12:11:35, 0.017998560115190784, -0.004499640028797696, 76.39296, 179.78433, 63.680004
12/12/2014 12:11:40, 0.017998560115190784, -0.004499640028797696, 75.00916, 179.79483, 63.732616
12/12/2014 12:11:45, 0.017998560115190784, -0.004499640028797696, 73.643036, 179.80522, 63.78118
12/12/2014 12:11:50, 0.017998560115190784, -0.004499640028797696, 72.29576, 179.8155, 63.82587
12/12/2014 12:11:55, 0.017998560115190784, -0.004499640028797696, 70.96841, 179.82568, 63.866863
12/12/2014 12:12:00, 0.017998560115190784, -0.004499640028797696, 69.661934, 179.83575, 63.90435
12/12/2014 12:12:05, 0.017998560115190784, -0.004499640028797696, 68.377174, 179.8457, 63.93852
12/12/2014 12:12:10, 0.017998560115190784, -0.004499640028797696, 67.11485, 179.85553, 63.969547
12/12/2014 12:12:15, 0.017998560115190784, -0.004499640028797696, 65.87557, 179.86525, 63.99763
12/12/2014 12:12:20, 0.017998560115190784, -0.004499640028797696, 64.65984, 179.87485, 64.02294
12/12/2014 12:12:25, 0.017998560115190784, -0.004499640028797696, 63.46806, 179.88434, 64.04566
12/12/2014 12:12:30, 0.017998560115190784, -0.004499640028797696, 62.300526, 179.8937, 64.065956
12/12/2014 12:12:35, 0.017998560115190784, -0.004499640028797696, 61.157444, 179.90298, 64.08399
12/12/2014 12:12:40, 0.017998560115190784, -0.004499640028797696, 60.03894, 179.91216, 64.09992
12/12/2014 12:12:45, 0.017998560115190784, -0.004499640028797696, 58.94505, 179.92123, 64.113884
12/12/2014 12:12:50, 0.017998560115190784, -0.004499640028797696, 57.875744, 179.93022, 64.12601
12/12/2014 12:12:55, 0.017998560115190784, -0.004499640028797696, 56.83092, 179.93913, 64.13641
12/12/2014 12:13:00, 0.017998560115190784, -0.004499640028797696, 55.810425, 179.94798, 64.14521
12/12/2014 12:13:05, 0.017998560115190784, -0.004499640028797696, 54.814037, 179.95676, 64.15249
12/12/2014 12:13:10, 0.017998560115190784, -0.004499640028797696, 53.841496, 179.9655, 64.15833
12/12/2014 12:13:15, 0.017998560115190784, -0.004499640028797696, 52.892494, 179.97418, 64.1628
12/12/2014 12:13:20, 0.017998560115190784, -0.004499640028797696, 51.96669, 179.98285, 64.16596
12/12/2014 12:13:25, 0.017998560115190784, -0.004499640028797696, 51.063713, 179.99149, 64.16783
12/12/2014 12:13:30, 0.017998560115190784, -0.004499640028797696, 50.18316, 180.0001, 64.16844
12/12/2014 12:13:35, 0.017998560115190784, -0.004499640028797696, 49.3246, 180.00874, 64.1678
12/12/2014 12:13:40, 0.017998560115190784, -0.004499640028797696, 48.4876, 180.01738, 64.16589
12/12/2014 12:13:45, 0.017998560115190784, -0.004499640028797696, 47.671696, 180.02605, 64.162704
12/12/2014 12:13:50, 0.017998560115190784, -0.004499640028797696, 46.876423, 180.03474, 64.158195
12/12/2014 12:13:55, 0.017998560115190784, -0.004499640028797696, 46.1013, 180.04347, 64.15232
12/12/2014 12:14:00, 0.017998560115190784, -0.004499640028797696, 45.345844, 180.05226, 64.145
12/12/2014 12:14:05, 0.017998560115190784, -0.004499640028797696, 44.60957, 180.06111, 64.13616
12/12/2014 12:14:10, 0.017998560115190784, -0.004499640028797696, 43.89199, 180.07004, 64.12571
12/12/2014 12:14:15, 0.017998560115190784, -0.004499640028797696, 43.19262, 180.07904, 64.11354
12/12/2014 12:14:20, 0.017998560115190784, -0.004499640028797696, 42.510975, 180.08813, 64.09953
12/12/2014 12:14:25, 0.017998560115190784, -0.004499640028797696, 41.846573, 180.0973, 64.08356
12/12/2014 12:14:30, 0.017998560115190784, -0.004499640028797696, 41.19894, 180.1066, 64.06546
12/12/2014 12:14:35, 0.017998560115190784, -0.004499640028797696, 40.56761, 180.11598, 64.045105
12/12/2014 12:14:40, 0.017998560115190784, -0.004499640028797696, 39.952126, 180.12549, 64.022316
12/12/2014 12:14:45, 0.017998560115190784, -0.004499640028797696, 39.35203, 180.1351, 63.996937
12/12/2014 12:14:50, 0.017998560115190784, -0.004499640028797696, 38.766884, 180.14484, 63.96878
12/12/2014 12:14:55, 0.017998560115190784, -0.004499640028797696, 38.196247, 180.1547, 63.93767
12/12/2014 12:15:00, 0.017998560115190784, -0.004499640028797696, 37.6397, 180.16466, 63.903423
12/12/2014 12:15:05, 0.017998560115190784, -0.004499640028797696, 37.096832, 180.17474, 63.86585
12/12/2014 12:15:10, 0.017998560115190784, -0.004499640028797696, 36.56723, 180.18495, 63.824757
12/12/2014 12:15:15, 0.017998560115190784, -0.004499640028797696, 36.05051, 180.19527, 63.779972
12/12/2014 12:15:20, 0.017998560115190784, -0.004499640028797696, 35.54628, 180.20567, 63.731304
12/12/2014 12:15:25, 0.017998560115190784, -0.004499640028797696, 35.054173, 180.2162, 63.678585
12/12/2014 12:15:30, 0.017998560115190784, -0.004499640028797696, 34.573826, 180.2268, 63.621643
12/12/2014 12:15:35, 0.017998560115190784, -0.004499640028797696, 34.10489, 180.23749, 63.56032
12/12/2014 12:15:40, 0.017998560115190784, -0.004499640028797696, 33.64702, 180.24825, 63.494473
12/12/2014 12:15:45, 0.017998560115190784, -0.004499640028797696, 33.199886, 180.25905, 63.423973
12/12/2014 12:15:50, 0.017998560115190784, -0.004499640028797696, 32.76317, 180.2699, 63.3487
12/12/2014 12:15:55, 0.017998560115190784, -0.004499640028797696, 32.33656, 180.28079, 63.26856
12/12/2014 12:16:00, 0.017998560115190784, -0.004499640028797696, 31.91975, 180.29169, 63.183468
12/12/2014 12:16:05, 0.017998560115190784, -0.004499640028797696, 31.512455, 180.30257, 63.093365
12/12/2014 12:16:10, 0.017998560115190784, -0.004499640028797696, 31.114391, 180.31345, 62.99822
12/12/2014 12:16:15, 0.017998560115190784, -0.004499640028797696, 30.725285, 180.32428, 62.898006
12/12/2014 12:16:20, 0.017998560115190784, -0.004499640028797696, 30.344872, 180.33507, 62.792736
12/12/2014 12:16:25, 0.017998560115190784, -0.004499640028797696, 29.972897, 180.34578, 62.68243
12/12/2014 12:16:30, 0.017998560115190784, -0.004499640028797696, 29.60911, 180.3564, 62.567142
12/12/2014 12:16:35, 0.017998560115190784, -0.004499640028797696, 29.253277, 180.36691, 62.446938
12/12/2014 12:16:40, 0.017998560115190784, -0.004499640028797696, 28.90516, 180.37732, 62.321907
12/12/2014 12:16:45, 0.017998560115190784, -0.004499640028797696, 28.564543, 180.38759, 62.192158
12/12/2014 12:16:50, 0.017998560115190784, -0.004499640028797696, 28.231205, 180.3977, 62.05782
12/12/2014 12:16:55, 0.017998560115190784, -0.004499640028797696, 27.904936, 180.40765, 61.919037
12/12/2014 12:17:00, 0.017998560115190784, -0.004499640028797696, 27.585537, 180.41743, 61.775963
12/12/2014 12:17:05, 0.017998560115190784, -0.004499640028797696, 27.272812, 180.42702, 61.62877
12/12/2014 12:17:10, 0.017998560115190784, -0.004499640028797696, 26.96657, 180.43642, 61.47764
12/12/2014 12:17:15, 0.017998560115190784, -0.004499640028797696, 26.66663, 180.44562, 61.32276
12/12/2014 12:17:20, 0.017998560115190784, -0.004499640028797696, 26.372816, 180.45459, 61.16434
12/12/2014 12:17:25, 0.017998560115190784, -0.004499640028797696, 26.084957, 180.46335, 61.002575
12/12/2014 12:17:30, 0.017998560115190784, -0.004499640028797696, 25.802885, 180.4719, 60.837673
12/12/2014 12:17:35, 0.017998560115190784, -0.004499640028797696, 25.526445, 180.4802, 60.669846
12/12/2014 12:17:40, 0.017998560115190784, -0.004499640028797696, 25.25548, 180.48828, 60.499306
12/12/2014 12:17:45, 0.017998560115190784, -0.004499640028797696, 24.98984, 180.49612, 60.32626
12/12/2014 12:17:50, 0.017998560115190784, -0.004499640028797696, 24.729382, 180.50375, 60.150917
12/12/2014 12:17:55, 0.017998560115190784, -0.004499640028797696, 24.473965, 180.51114, 59.97348
12/12/2014 12:18:00, 0.017998560115190784, -0.004499640028797696, 24.223455, 180.5183, 59.794147
12/12/2014 12:18:05, 0.017998560115190784, -0.004499640028797696, 23.977722, 180.52522, 59.61312
12/12/2014 12:18:10, 0.017998560115190784, -0.004499640028797696, 23.736639, 180.53194, 59.43058
12/12/2014 12:18:15, 0.017998560115190784, -0.004499640028797696, 23.500082, 180.53842, 59.246716
12/12/2014 12:18:20, 0.017998560115190784, -0.004499640028797696, 23.267935, 180.54468, 59.061695
12/12/2014 12:18:25, 0.017998560115190784, -0.004499640028797696, 23.04008, 180.55074, 58.875687
12/12/2014 12:18:30, 0.017998560115190784, -0.004499640028797696, 22.816408, 180.55658, 58.688858
12/12/2014 12:18:35, 0.017998560115190784, -0.004499640028797696, 22.596813, 180.56223, 58.501354
12/12/2014 12:18:40, 0.017998560115190784, -0.004499640028797696, 22.381187, 180.56766, 58.31332
12/12/2014 12:18:45, 0.017998560115190784, -0.004499640028797696, 22.169434, 180.5729, 58.124893
12/12/2014 12:18:50, 0.017998560115190784, -0.004499640028797696, 21.961452, 180.57797, 57.936207
12/12/2014 12:18:55, 0.017998560115190784, -0.004499640028797696, 21.757149, 180.58284, 57.74737
12/12/2014 12:19:00, 0.017998560115190784, -0.004499640028797696, 21.556433, 180.58755, 57.55851
12/12/2014 12:19:05, 0.017998560115190784, -0.004499640028797696, 21.359215, 180.59209, 57.36972
12/12/2014 12:19:10, 0.017998560115190784, -0.004499640028797696, 21.165407, 180.59645, 57.18111
12/12/2014 12:19:15, 0.017998560115190784, -0.004499640028797696, 20.974928, 180.60066, 56.99276
12/12/2014 12:19:20, 0.017998560115190784, -0.004499640028797696, 20.787697, 180.6047, 56.804764
12/12/2014 12:19:25, 0.017998560115190784, -0.004499640028797696, 20.603634, 180.60861, 56.6172
12/12/2014 12:19:30, 0.017998560115190784, -0.004499640028797696, 20.422663, 180.61238, 56.430138
12/12/2014 12:19:35, 0.017998560115190784, -0.004499640028797696, 20.244713, 180.61601, 56.24364
12/12/2014 12:19:40, 0.017998560115190784, -0.004499640028797696, 20.06971, 180.6195, 56.05778
12/12/2014 12:19:45, 0.017998560115190784, -0.004499640028797696, 19.897583, 180.62288, 55.872604
12/12/2014 12:19:50, 0.017998560115190784, -0.004499640028797696, 19.728268, 180.62613, 55.688168
12/12/2014 12:19:55, 0.017998560115190784, -0.004499640028797696, 19.561699, 180.62926, 55.50452
12/12/2014 12:20:00, 0.017998560115190784, -0.004499640028797696, 19.39781, 180.63226, 55.321697
12/12/2014 12:20:05, 0.017998560115190784, -0.004499640028797696, 19.236544, 180.63518, 55.139744
12/12/2014 12:20:10, 0.017998560115190784, -0.004499640028797696, 19.077835, 180.63799, 54.95869
12/12/2014 12:20:15, 0.017998560115190784, -0.004499640028797696, 18.921629, 180.64069, 54.778572
12/12/2014 12:20:20, 0.017998560115190784, -0.004499640028797696, 18.76787, 180.64331, 54.599415
12/12/2014 12:20:25, 0.017998560115190784, -0.004499640028797696, 18.6165, 180.64583, 54.42124
12/12/2014 12:20:30, 0.017998560115190784, -0.004499640028797696, 18.46747, 180.64825, 54.24408
12/12/2014 12:20:35, 0.017998560115190784, -0.004499640028797696, 18.320724, 180.6506, 54.06794
12/12/2014 12:20:40, 0.017998560115190784, -0.004499640028797696, 18.176214, 180.65286, 53.89285
12/12/2014 12:20:45, 0.017998560115190784, -0.004499640028797696, 18.033892, 180.65506, 53.718815
12/12/2014 12:20:50, 0.017998560115190784, -0.004499640028797696, 17.893707, 180.65718, 53.54585
12/12/2014 12:20:55, 0.017998560115190784, -0.004499640028797696, 17.755617, 180.65921, 53.373966
12/12/2014 12:21:00, 0.017998560115190784, -0.004499640028797696, 17.619574, 180.6612, 53.20317
12/12/2014 12:21:05, 0.017998560115190784, -0.004499640028797696, 17.485535, 180.6631, 53.033474
12/12/2014 12:21:10, 0.017998560115190784, -0.004499640028797696, 17.353456, 180.66495, 52.86488
12/12/2014 12:21:15, 0.017998560115190784, -0.004499640028797696, 17.223299, 180.66673, 52.697388
12/12/2014 12:21:20, 0.017998560115190784, -0.004499640028797696, 17.095022, 180.66846, 52.531006
12/12/2014 12:21:25, 0.017998560115190784, -0.004499640028797696, 16.968586, 180.67012, 52.365734
12/12/2014 12:21:30, 0.017998560115190784, -0.004499640028797696, 16.843952, 180.67174, 52.201572
12/12/2014 12:21:35, 0.017998560115190784, -0.004499640028797696, 16.721085, 180.67331, 52.03852
12/12/2014 12:21:40, 0.017998560115190784, -0.004499640028797696, 16.599947, 180.67482, 51.87657
12/12/2014 12:21:45, 0.017998560115190784, -0.004499640028797696, 16.480501, 180.67628, 51.715733
12/12/2014 12:21:50, 0.017998560115190784, -0.004499640028797696, 16.362717, 180.67772, 51.555992
12/12/2014 12:21:55, 0.017998560115190784, -0.004499640028797696, 16.24656, 180.6791, 51.39735
12/12/2014 12:22:00, 0.017998560115190784, -0.004499640028797696, 16.131996, 180.68042, 51.2398
12/12/2014 12:22:05, 0.017998560115190784, -0.004499640028797696, 16.018995, 180.68172, 51.083336
12/12/2014 12:22:10, 0.017998560115190784, -0.004499640028797696, 15.907525, 180.68298, 50.927956
12/12/2014 12:22:15, 0.017998560115190784, -0.004499640028797696, 15.797557, 180.6842, 50.773647
12/12/2014 12:22:20, 0.017998560115190784, -0.004499640028797696, 15.68906, 180.68538, 50.62041
12/12/2014 12:22:25, 0.017998560115190784, -0.004499640028797696, 15.582007, 180.68652, 50.468235
12/12/2014 12:22:30, 0.017998560115190784, -0.004499640028797696, 15.47637, 180.68764, 50.317116
12/12/2014 12:22:35, 0.017998560115190784, -0.004499640028797696, 15.372121, 180.68872, 50.167038
12/12/2014 12:22:40, 0.017998560115190784, -0.004499640028797696, 15.269234, 180.68977, 50.018
12/12/2014 12:22:45, 0.017998560115190784, -0.004499640028797696, 15.167682, 180.6908, 49.869995
12/12/2014 12:22:50, 0.017998560115190784, -0.004499640028797696, 15.067442, 180.69179, 49.72301
12/12/2014 12:22:55, 0.017998560115190784, -0.004499640028797696, 14.968487, 180.69275, 49.577038
12/12/2014 12:23:00, 0.017998560115190784, -0.004499640028797696, 14.870795, 180.69368, 49.43207
12/12/2014 12:23:05, 0.017998560115190784, -0.004499640028797696, 14.774342, 180.6946, 49.288097
12/12/2014 12:23:10, 0.017998560115190784, -0.004499640028797696, 14.679104, 180.69548, 49.14511
12/12/2014 12:23:15, 0.017998560115190784, -0.004499640028797696, 14.58506, 180.69633, 49.0031
12/12/2014 12:23:20, 0.017998560115190784, -0.004499640028797696, 14.4921875, 180.69717, 48.86206
12/12/2014 12:23:25, 0.017998560115190784, -0.004499640028797696, 14.400465, 180.698, 48.721977
12/12/2014 12:23:30, 0.017998560115190784, -0.004499640028797696, 14.309873, 180.69879, 48.582844
12/12/2014 12:23:35, 0.017998560115190784, -0.004499640028797696, 14.22582, 180.70663, 48.443897
12/12/2014 12:23:40, 0.017998560115190784, -0.004499640028797696, 14.15364, 180.71362, 48.304504
12/12/2014 12:23:45, 0.017998560115190784, -0.004499640028797696, 14.093194, 180.71976, 48.164864
12/12/2014 12:23:50, 0.017998560115190784, -0.004499640028797696, 14.044329, 180.72505, 48.02515
12/12/2014 12:23:55, 0.017998560115190784, -0.004499640028797696, 14.006883, 180.72954, 47.885544
12/12/2014 12:24:00, 0.017998560115190784, -0.004499640028797696, 13.980685, 180.73322, 47.7462
12/12/2014 12:24:05, 0.017998560115190784, -0.004499640028797696, 13.965556, 180.73611, 47.60728
12/12/2014 12:24:10, 0.017998560115190784, -0.004499640028797696, 13.961309, 180.73824, 47.46893
12/12/2014 12:24:15, 0.017998560115190784, -0.004499640028797696, 13.967753, 180.7396, 47.33129
12/12/2014 12:24:20, 0.017998560115190784, -0.004499640028797696, 13.984691, 180.74023, 47.194492
12/12/2014 12:24:25, 0.017998560115190784, -0.004499640028797696, 14.011918, 180.74013, 47.05866
12/12/2014 12:24:30, 0.017998560115190784, -0.004499640028797696, 14.04923, 180.73933, 46.92391
12/12/2014 12:24:35, 0.017998560115190784, -0.004499640028797696, 14.0964155, 180.73785, 46.790348
12/12/2014 12:24:40, 0.017998560115190784, -0.004499640028797696, 14.153264, 180.73569, 46.65808
12/12/2014 12:24:45, 0.017998560115190784, -0.004499640028797696, 14.21956, 180.73288, 46.52721
12/12/2014 12:24:50, 0.017998560115190784, -0.004499640028797696, 14.295086, 180.72943, 46.39782
12/12/2014 12:24:55, 0.017998560115190784, -0.004499640028797696, 14.379627, 180.72536, 46.27
12/12/2014 12:25:00, 0.017998560115190784, -0.004499640028797696, 14.472964, 180.72067, 46.143826
12/12/2014 12:25:05, 0.017998560115190784, -0.004499640028797696, 14.57488, 180.71541, 46.01938
12/12/2014 12:25:10, 0.017998560115190784, -0.004499640028797696, 14.685153, 180.70956, 45.896717
12/12/2014 12:25:15, 0.017998560115190784, -0.004499640028797696, 14.803568, 180.70316, 45.775917
12/12/2014 12:25:20, 0.017998560115190784, -0.004499640028797696, 14.929907, 180.69621, 45.657032
12/12/2014 12:25:25, 0.017998560115190784, -0.004499640028797696, 15.0639515, 180.68875, 45.540123
12/12/2014 12:25:30, 0.017998560115190784, -0.004499640028797696, 15.205488, 180.68077, 45.42524
12/12/2014 12:25:35, 0.017998560115190784, -0.004499640028797696, 15.354302, 180.67229, 45.31243
12/12/2014 12:25:40, 0.017998560115190784, -0.004499640028797696, 15.51018, 180.66333, 45.20174
12/12/2014 12:25:45, 0.017998560115190784, -0.004499640028797696, 15.672912, 180.6539, 45.093216
12/12/2014 12:25:50, 0.017998560115190784, -0.004499640028797696, 15.842286, 180.64401, 44.986893
12/12/2014 12:25:55, 0.017998560115190784, -0.004499640028797696, 16.018095, 180.63368, 44.882805
12/12/2014 12:26:00, 0.017998560115190784, -0.004499640028797696, 16.200136, 180.62294, 44.780994
12/12/2014 12:26:05, 0.017998560115190784, -0.004499640028797696, 16.388203, 180.61177, 44.68148
12/12/2014 12:26:10, 0.017998560115190784, -0.004499640028797696, 16.582092, 180.6002, 44.5843
12/12/2014 12:26:15, 0.017998560115190784, -0.004499640028797696, 16.781609, 180.58826, 44.48948
12/12/2014 12:26:20, 0.017998560115190784, -0.004499640028797696, 16.986551, 180.57594, 44.397038
12/12/2014 12:26:25, 0.017998560115190784, -0.004499640028797696, 17.196728, 180.56325, 44.307003
12/12/2014 12:26:30, 0.017998560115190784, -0.004499640028797696, 17.411942, 180.55022, 44.21939
12/12/2014 12:26:35, 0.017998560115190784, -0.004499640028797696, 17.632004, 180.53685, 44.134228
12/12/2014 12:26:40, 0.017998560115190784, -0.004499640028797696, 17.856724, 180.52316, 44.05152
12/12/2014 12:26:45, 0.017998560115190784, -0.004499640028797696, 18.085917, 180.50916, 43.9713
12/12/2014 12:26:50, 0.017998560115190784, -0.004499640028797696, 18.319399, 180.49484, 43.893566
12/12/2014 12:26:55, 0.017998560115190784, -0.004499640028797696, 18.556984, 180.48026, 43.818336
12/12/2014 12:27:00, 0.017998560115190784, -0.004499640028797696, 18.798492, 180.46538, 43.745632
12/12/2014 12:27:05, 0.017998560115190784, -0.004499640028797696, 19.043747, 180.45024, 43.675453
12/12/2014 12:27:10, 0.017998560115190784, -0.004499640028797696, 19.29257, 180.43484, 43.607815
12/12/2014 12:27:15, 0.017998560115190784, -0.004499640028797696, 19.544786, 180.41922, 43.54273
12/12/2014 12:27:20, 0.017998560115190784, -0.004499640028797696, 19.800224, 180.40335, 43.480198
12/12/2014 12:27:25, 0.017998560115190784, -0.004499640028797696, 20.05871, 180.38725, 43.420235
12/12/2014 12:27:30, 0.017998560115190784, -0.004499640028797696, 20.320074, 180.37096, 43.362843
12/12/2014 12:27:35, 0.017998560115190784, -0.004499640028797696, 20.584148, 180.35445, 43.30803
12/12/2014 12:27:40, 0.017998560115190784, -0.004499640028797696, 20.850767, 180.33775, 43.255802
12/12/2014 12:27:45, 0.017998560115190784, -0.004499640028797696, 21.119745, 180.32315, 43.206142
12/12/2014 12:27:50, 0.017998560115190784, -0.004499640028797696, 21.390614, 180.30614, 43.158768
12/12/2014 12:27:55, 0.017998560115190784, -0.004499640028797696, 21.663555, 180.28896, 43.11399
12/12/2014 12:28:00, 0.017998560115190784, -0.004499640028797696, 21.938406, 180.27162, 43.07181
12/12/2014 12:28:05, 0.017998560115190784, -0.004499640028797696, 22.215008, 180.25415, 43.032234
12/12/2014 12:28:10, 0.017998560115190784, -0.004499640028797696, 22.4932, 180.23654, 42.995266
12/12/2014 12:28:15, 0.017998560115190784, -0.004499640028797696, 22.772823, 180.21883, 42.960903
12/12/2014 12:28:20, 0.017998560115190784, -0.004499640028797696, 23.053719, 180.20099, 42.929153
12/12/2014 12:28:25, 0.017998560115190784, -0.004499640028797696, 23.335732, 180.18306, 42.900013
12/12/2014 12:28:30, 0.017998560115190784, -0.004499640028797696, 23.618704, 180.16504, 42.873486
12/12/2014 12:28:35, 0.017998560115190784, -0.004499640028797696, 23.902481, 180.14693, 42.84957
12/12/2014 12:28:40, 0.017998560115190784, -0.004499640028797696, 24.186907, 180.12875, 42.828274
12/12/2014 12:28:45, 0.017998560115190784, -0.004499640028797696, 24.471825, 180.11052, 42.809593
12/12/2014 12:28:50, 0.017998560115190784, -0.004499640028797696, 24.757082, 180.09224, 42.793526
12/12/2014 12:28:55, 0.017998560115190784, -0.004499640028797696, 25.042522, 180.0739, 42.780075
12/12/2014 12:29:00, 0.017998560115190784, -0.004499640028797696, 25.327993, 180.05554, 42.76924
12/12/2014 12:29:05, 0.017998560115190784, -0.004499640028797696, 25.613338, 180.03716, 42.761024
12/12/2014 12:29:10, 0.017998560115190784, -0.004499640028797696, 25.898405, 180.01875, 42.75542
12/12/2014 12:29:15, 0.017998560115190784, -0.004499640028797696, 26.183037, 180.00035, 42.75243
12/12/2014 12:29:20, 0.017998560115190784, -0.004499640028797696, 26.46708, 179.98195, 42.752056
12/12/2014 12:29:25, 0.017998560115190784, -0.004499640028797696, 26.750378, 179.96356, 42.75429
12/12/2014 12:29:30, 0.017998560115190784, -0.004499640028797696, 27.032776, 179.9452, 42.75914
12/12/2014 12:29:35, 0.017998560115190784, -0.004499640028797696, 27.314117, 179.92688, 42.766598
12/12/2014 12:29:40, 0.017998560115190784, -0.004499640028797696, 27.594244, 179.9086, 42.776665
12/12/2014 12:29:45, 0.017998560115190784, -0.004499640028797696, 27.873001, 179.89038, 42.789333
12/12/2014 12:29:50, 0.017998560115190784, -0.004499640028797696, 28.150229, 179.87221, 42.80461
12/12/2014 12:29:55, 0.017998560115190784, -0.004499640028797696, 28.425768, 179.85413, 42.822487
12/12/2014 12:30:00, 0.017998560115190784, -0.004499640028797696, 28.699457, 179.8361, 42.842964
12/12/2014 12:30:05, 0.017998560115190784, -0.004499640028797696, 28.971136, 179.81819, 42.866035
12/12/2014 12:30:10, 0.017998560115190784, -0.004499640028797696, 29.240643, 179.80037, 42.8917
12/12/2014 12:30:15, 0.017998560115190784, -0.004499640028797696, 29.50781, 179.78267, 42.919956
12/12/2014 12:30:20, 0.017998560115190784, -0.004499640028797696, 29.772478, 179.76509, 42.950798
12/12/2014 12:30:25, 0.017998560115190784, -0.004499640028797696, 30.03448, 179.74763, 42.984222
12/12/2014 12:30:30, 0.017998560115190784, -0.004499640028797696, 30.293642, 179.73032, 43.020226
12/12/2014 12:30:35, 0.017998560115190784, -0.004499640028797696, 30.5498, 179.71315, 43.0588
12/12/2014 12:30:40, 0.017998560115190784, -0.004499640028797696, 30.802782, 179.69615, 43.099945
12/12/2014 12:30:45, 0.017998560115190784, -0.004499640028797696, 31.052414, 179.6793, 43.14365
12/12/2014 12:30:50, 0.017998560115190784, -0.004499640028797696, 31.298523, 179.66266, 43.189915
12/12/2014 12:30:55, 0.017998560115190784, -0.004499640028797696, 31.540932, 179.6462, 43.238728
12/12/2014 12:31:00, 0.017998560115190784, -0.004499640028797696, 31.77946, 179.62993, 43.29008
12/12/2014 12:31:05, 0.017998560115190784, -0.004499640028797696, 32.01393, 179.61388, 43.343975
12/12/2014 12:31:10, 0.017998560115190784, -0.004499640028797696, 32.244164, 179.59804, 43.400394
12/12/2014 12:31:15, 0.017998560115190784, -0.004499640028797696, 32.46997, 179.58244, 43.45933
12/12/2014 12:31:20, 0.017998560115190784, -0.004499640028797696, 32.691166, 179.56708, 43.52078
12/12/2014 12:31:25, 0.017998560115190784, -0.004499640028797696, 32.90756, 179.55197, 43.584724
12/12/2014 12:31:30, 0.017998560115190784, -0.004499640028797696, 33.118965, 179.53712, 43.65116
12/12/2014 12:31:35, 0.017998560115190784, -0.004499640028797696, 33.325188, 179.52255, 43.72007
12/12/2014 12:31:40, 0.017998560115190784, -0.004499640028797696, 33.526035, 179.50827, 43.791443
12/12/2014 12:31:45, 0.017998560115190784, -0.004499640028797696, 33.721306, 179.49428, 43.865265
12/12/2014 12:31:50, 0.017998560115190784, -0.004499640028797696, 33.910805, 179.4806, 43.941525
12/12/2014 12:31:55, 0.017998560115190784, -0.004499640028797696, 34.09433, 179.46724, 44.0202
12/12/2014 12:32:00, 0.017998560115190784, -0.004499640028797696, 34.271725, 179.45587, 44.10126
12/12/2014 12:32:05, 0.017998560115190784, -0.004499640028797696, 34.443573, 179.44313, 44.184456
12/12/2014 12:32:10, 0.017998560115190784, -0.004499640028797696, 34.60886, 179.43074, 44.27002
12/12/2014 12:32:15, 0.017998560115190784, -0.004499640028797696, 34.767365, 179.41873, 44.35793
12/12/2014 12:32:20, 0.017998560115190784, -0.004499640028797696, 34.918888, 179.40707, 44.448162
12/12/2014 12:32:25, 0.017998560115190784, -0.004499640028797696, 35.06321, 179.39581, 44.54069
12/12/2014 12:32:30, 0.017998560115190784, -0.004499640028797696, 35.20012, 179.38495, 44.63549
12/12/2014 12:32:35, 0.017998560115190784, -0.004499640028797696, 35.3294, 179.3745, 44.732533
12/12/2014 12:32:40, 0.017998560115190784, -0.004499640028797696, 35.450832, 179.36447, 44.83179
12/12/2014 12:32:45, 0.017998560115190784, -0.004499640028797696, 35.56421, 179.35489, 44.933228
12/12/2014 12:32:50, 0.017998560115190784, -0.004499640028797696, 35.669304, 179.34575, 45.03681
12/12/2014 12:32:55, 0.017998560115190784, -0.004499640028797696, 35.7659, 179.33707, 45.142506
12/12/2014 12:33:00, 0.017998560115190784, -0.004499640028797696, 35.85378, 179.32886, 45.250267
12/12/2014 12:33:05, 0.017998560115190784, -0.004499640028797696, 35.93272, 179.32114, 45.360058
12/12/2014 12:33:10, 0.017998560115190784, -0.004499640028797696, 36.002514, 179.31392, 45.471832
12/12/2014 12:33:15, 0.017998560115190784, -0.004499640028797696, 36.062935, 179.30722, 45.58554
12/12/2014 12:33:20, 0.017998560115190784, -0.004499640028797696, 36.11377, 179.30106, 45.701134
12/12/2014 12:33:25, 0.017998560115190784, -0.004499640028797696, 36.154808, 179.29543, 45.818554
12/12/2014 12:33:30, 0.017998560115190784, -0.004499640028797696, 36.185837, 179.29034, 45.937744
12/12/2014 12:33:35, 0.017998560115190784, -0.004499640028797696, 36.20665, 179.28584, 46.058647
12/12/2014 12:33:40, 0.017998560115190784, -0.004499640028797696, 36.21704, 179.28194, 46.18119
12/12/2014 12:33:45, 0.017998560115190784, -0.004499640028797696, 36.216812, 179.27861, 46.30531
12/12/2014 12:33:50, 0.017998560115190784, -0.004499640028797696, 36.205765, 179.2759, 46.430927
12/12/2014 12:33:55, 0.017998560115190784, -0.004499640028797696, 36.183716, 179.27382, 46.55797
12/12/2014 12:34:00, 0.017998560115190784, -0.004499640028797696, 36.150482, 179.27238, 46.686348
12/12/2014 12:34:05, 0.017998560115190784, -0.004499640028797696, 36.10589, 179.27159, 46.815975
12/12/2014 12:34:10, 0.017998560115190784, -0.004499640028797696, 36.049767, 179.27147, 46.946762
12/12/2014 12:34:15, 0.017998560115190784, -0.004499640028797696, 35.981964, 179.27203, 47.07861
12/12/2014 12:34:20, 0.017998560115190784, -0.004499640028797696, 35.902336, 179.2733, 47.211407
12/12/2014 12:34:25, 0.017998560115190784, -0.004499640028797696, 35.810745, 179.27528, 47.34505
12/12/2014 12:34:30, 0.017998560115190784, -0.004499640028797696, 35.707073, 179.27798, 47.479427
12/12/2014 12:34:35, 0.017998560115190784, -0.004499640028797696, 35.591213, 179.28142, 47.614407
12/12/2014 12:34:40, 0.017998560115190784, -0.004499640028797696, 35.463074, 179.2856, 47.749866
12/12/2014 12:34:45, 0.017998560115190784, -0.004499640028797696, 35.32258, 179.29056, 47.88567
12/12/2014 12:34:50, 0.017998560115190784, -0.004499640028797696, 35.16967, 179.29628, 48.021675
12/12/2014 12:34:55, 0.017998560115190784, -0.004499640028797696, 35.004314, 179.3028, 48.157734
12/12/2014 12:35:00, 0.017998560115190784, -0.004499640028797696, 34.826492, 179.3101, 48.293694
12/12/2014 12:35:05, 0.017998560115190784, -0.004499640028797696, 34.636208, 179.31824, 48.429386
12/12/2014 12:35:10, 0.017998560115190784, -0.004499640028797696, 34.433487, 179.32718, 48.564648
12/12/2014 12:35:15, 0.017998560115190784, -0.004499640028797696, 34.218384, 179.33694, 48.6993
12/12/2014 12:35:20, 0.017998560115190784, -0.004499640028797696, 33.99098, 179.34755, 48.833157
12/12/2014 12:35:25, 0.017998560115190784, -0.004499640028797696, 33.751373, 179.35901, 48.966026
12/12/2014 12:35:30, 0.017998560115190784, -0.004499640028797696, 33.4997, 179.3713, 49.097713
12/12/2014 12:35:35, 0.017998560115190784, -0.004499640028797696, 33.236122, 179.38445, 49.228012
12/12/2014 12:35:40, 0.017998560115190784, -0.004499640028797696, 32.96083, 179.39845, 49.356705
12/12/2014 12:35:45, 0.017998560115190784, -0.004499640028797696, 32.674053, 179.41331, 49.483578
12/12/2014 12:35:50, 0.017998560115190784, -0.004499640028797696, 32.37604, 179.42905, 49.608402
12/12/2014 12:35:55, 0.017998560115190784, -0.004499640028797696, 32.06708, 179.44562, 49.73095
12/12/2014 12:36:00, 0.017998560115190784, -0.004499640028797696, 31.747494, 179.46304, 49.85098
12/12/2014 12:36:05, 0.017998560115190784, -0.004499640028797696, 31.417635, 179.48131, 49.968254
12/12/2014 12:36:10, 0.017998560115190784, -0.004499640028797696, 31.077888, 179.50041, 50.082523
12/12/2014 12:36:15, 0.017998560115190784, -0.004499640028797696, 30.728712, 179.5185, 50.19356
12/12/2014 12:36:20, 0.017998560115190784, -0.004499640028797696, 30.37433, 179.52202, 50.30328
12/12/2014 12:36:25, 0.017998560115190784, -0.004499640028797696, 30.017363, 179.5256, 50.413025
12/12/2014 12:36:30, 0.017998560115190784, -0.004499640028797696, 29.657804, 179.52925, 50.522778
12/12/2014 12:36:35, 0.017998560115190784, -0.004499640028797696, 29.295658, 179.53296, 50.632526
12/12/2014 12:36:40, 0.017998560115190784, -0.004499640028797696, 28.930923, 179.53674, 50.74225
12/12/2014 12:36:45, 0.017998560115190784, -0.004499640028797696, 28.563606, 179.5406, 50.851925
12/12/2014 12:36:50, 0.017998560115190784, -0.004499640028797696, 28.193707, 179.54453, 50.961533
12/12/2014 12:36:55, 0.017998560115190784, -0.004499640028797696, 27.821228, 179.54851, 51.071056
12/12/2014 12:37:00, 0.017998560115190784, -0.004499640028797696, 27.446177, 179.55258, 51.180466
12/12/2014 12:37:05, 0.017998560115190784, -0.004499640028797696, 27.068558, 179.55672, 51.28974
12/12/2014 12:37:10, 0.017998560115190784, -0.004499640028797696, 26.68838, 179.56094, 51.39886
12/12/2014 12:37:15, 0.017998560115190784, -0.004499640028797696, 26.305645, 179.56523, 51.50779
12/12/2014 12:37:20, 0.017998560115190784, -0.004499640028797696, 25.920368, 179.56961, 51.61651
12/12/2014 12:37:25, 0.017998560115190784, -0.004499640028797696, 25.532557, 179.57407, 51.724983
12/12/2014 12:37:30, 0.017998560115190784, -0.004499640028797696, 25.14222, 179.57861, 51.83319
12/12/2014 12:37:35, 0.017998560115190784, -0.004499640028797696, 24.74937, 179.58324, 51.941093
12/12/2014 12:37:40, 0.017998560115190784, -0.004499640028797696, 24.354023, 179.58794, 52.04866
12/12/2014 12:37:45, 0.017998560115190784, -0.004499640028797696, 23.95619, 179.59274, 52.15586
12/12/2014 12:37:50, 0.017998560115190784, -0.004499640028797696, 23.555887, 179.59763, 52.262653
12/12/2014 12:37:55, 0.017998560115190784, -0.004499640028797696, 23.153131, 179.60262, 52.369007
12/12/2014 12:38:00, 0.017998560115190784, -0.004499640028797696, 22.74794, 179.60768, 52.47488
12/12/2014 12:38:05, 0.017998560115190784, -0.004499640028797696, 22.34033, 179.61285, 52.58023
12/12/2014 12:38:10, 0.017998560115190784, -0.004499640028797696, 21.930323, 179.61812, 52.68502
12/12/2014 12:38:15, 0.017998560115190784, -0.004499640028797696, 21.51794, 179.62347, 52.789204
12/12/2014 12:38:20, 0.017998560115190784, -0.004499640028797696, 21.103205, 179.62894, 52.89274
12/12/2014 12:38:25, 0.017998560115190784, -0.004499640028797696, 20.686136, 179.6345, 52.995575
12/12/2014 12:38:30, 0.017998560115190784, -0.004499640028797696, 20.266766, 179.64017, 53.09766
12/12/2014 12:38:35, 0.017998560115190784, -0.004499640028797696, 19.845114, 179.64595, 53.19895
12/12/2014 12:38:40, 0.017998560115190784, -0.004499640028797696, 19.421211, 179.65182, 53.29939
12/12/2014 12:38:45, 0.017998560115190784, -0.004499640028797696, 18.995085, 179.65782, 53.398926
12/12/2014 12:38:50, 0.017998560115190784, -0.004499640028797696, 18.566765, 179.66391, 53.497498
12/12/2014 12:38:55, 0.017998560115190784, -0.004499640028797696, 18.136284, 179.67012, 53.59505
12/12/2014 12:39:00, 0.017998560115190784, -0.004499640028797696, 17.703674, 179.67645, 53.691525
12/12/2014 12:39:05, 0.017998560115190784, -0.004499640028797696, 17.268969, 179.68289, 53.786858
12/12/2014 12:39:10, 0.017998560115190784, -0.004499640028797696, 16.832201, 179.68944, 53.88098
12/12/2014 12:39:15, 0.017998560115190784, -0.004499640028797696, 16.393412, 179.6961, 53.973835
12/12/2014 12:39:20, 0.017998560115190784, -0.004499640028797696, 15.952636, 179.7029, 54.06535
12/12/2014 12:39:25, 0.017998560115190784, -0.004499640028797696, 15.5099125, 179.70981, 54.155453
12/12/2014 12:39:30, 0.017998560115190784, -0.004499640028797696, 15.065283, 179.71683, 54.24408
12/12/2014 12:39:35, 0.017998560115190784, -0.004499640028797696, 14.618788, 179.72398, 54.33115
12/12/2014 12:39:40, 0.017998560115190784, -0.004499640028797696, 14.17047, 179.73125, 54.416595
12/12/2014 12:39:45, 0.017998560115190784, -0.004499640028797696, 13.720374, 179.73863, 54.500336
12/12/2014 12:39:50, 0.017998560115190784, -0.004499640028797696, 13.268545, 179.74614, 54.5823
12/12/2014 12:39:55, 0.017998560115190784, -0.004499640028797696, 12.815029, 179.75377, 54.662403
12/12/2014 12:40:00, 0.017998560115190784, -0.004499640028797696, 12.359874, 179.76152, 54.74057
12/12/2014 12:40:05, 0.017998560115190784, -0.004499640028797696, 11.903129, 179.7694, 54.81672
12/12/2014 12:40:10, 0.017998560115190784, -0.004499640028797696, 11.444844, 179.77737, 54.89077
12/12/2014 12:40:15, 0.017998560115190784, -0.004499640028797696, 10.98507, 179.78548, 54.962646
12/12/2014 12:40:20, 0.017998560115190784, -0.004499640028797696, 10.523859, 179.7937, 55.03226
12/12/2014 12:40:25, 0.017998560115190784, -0.004499640028797696, 10.061265, 179.80205, 55.099533
12/12/2014 12:40:30, 0.017998560115190784, -0.004499640028797696, 9.597342, 179.81049, 55.164387
12/12/2014 12:40:35, 0.017998560115190784, -0.004499640028797696, 9.132144, 179.81905, 55.226738
12/12/2014 12:40:40, 0.017998560115190784, -0.004499640028797696, 8.665729, 179.82771, 55.286507
12/12/2014 12:40:45, 0.017998560115190784, -0.004499640028797696, 8.198154, 179.83649, 55.34362
12/12/2014 12:40:50, 0.017998560115190784, -0.004499640028797696, 7.729477, 179.84537, 55.397995
12/12/2014 12:40:55, 0.017998560115190784, -0.004499640028797696, 7.259757, 179.85434, 55.449562
12/12/2014 12:41:00, 0.017998560115190784, -0.004499640028797696, 6.789054, 179.8634, 55.498245
12/12/2014 12:41:05, 0.017998560115190784, -0.004499640028797696, 6.317428, 179.87256, 55.543976
12/12/2014 12:41:10, 0.017998560115190784, -0.004499640028797696, 5.8449416, 179.8818, 55.586685
12/12/2014 12:41:15, 0.017998560115190784, -0.004499640028797696, 5.3716555, 179.89113, 55.626312
12/12/2014 12:41:20, 0.017998560115190784, -0.004499640028797696, 4.8976336, 179.90053, 55.662796
12/12/2014 12:41:25, 0.017998560115190784, -0.004499640028797696, 4.4229383, 179.90999, 55.69608
12/12/2014 12:41:30, 0.017998560115190784, -0.004499640028797696, 3.9476337, 179.91953, 55.726112
12/12/2014 12:41:35, 0.017998560115190784, -0.004499640028797696, 3.4717846, 179.92912, 55.752842
12/12/2014 12:41:40, 0.017998560115190784, -0.004499640028797696, 2.9954555, 179.93875, 55.776226
12/12/2014 12:41:45, 0.017998560115190784, -0.004499640028797696, 2.5187116, 179.94844, 55.79623
12/12/2014 12:41:50, 0.017998560115190784, -0.004499640028797696, 2.0416183, 179.95816, 55.812817
12/12/2014 12:41:55, 0.017998560115190784, -0.004499640028797696, 1.5642418, 179.96793, 55.825962
12/12/2014 12:42:00, 0.017998560115190784, -0.004499640028797696, 1.0866477, 179.9777, 55.835644
12/12/2014 12:42:05, 0.017998560115190784, -0.004499640028797696, 0.6089028, 179.9875, 55.841843
12/12/2014 12:42:10, 0.017998560115190784, -0.004499640028797696, 0.13107313, 179.99731, 55.844547
12/12/2014 12:42:15, 0.017998560115190784, -0.004499640028797696, -0.3467748, 180.00713, 55.843758
12/12/2014 12:42:20, 0.017998560115190784, -0.004499640028797696, -0.8245745, 180.01692, 55.839474
12/12/2014 12:42:25, 0.017998560115190784, -0.004499640028797696, -1.3022594, 180.02672, 55.831703
12/12/2014 12:42:30, 0.017998560115190784, -0.004499640028797696, -1.7797635, 180.0365, 55.820457
12/12/2014 12:42:35, 0.017998560115190784, -0.004499640028797696, -2.2570202, 180.04625, 55.805756
12/12/2014 12:42:40, 0.017998560115190784, -0.004499640028797696, -2.733964, 180.05595, 55.78762
12/12/2014 12:42:45, 0.017998560115190784, -0.004499640028797696, -3.2105289, 180.06563, 55.766087
12/12/2014 12:42:50, 0.017998560115190784, -0.004499640028797696, -3.6866493, 180.07526, 55.741188
12/12/2014 12:42:55, 0.017998560115190784, -0.004499640028797696, -4.1622605, 180.08484, 55.71296
12/12/2014 12:43:00, 0.017998560115190784, -0.004499640028797696, -4.637298, 180.09436, 55.681458
12/12/2014 12:43:05, 0.017998560115190784, -0.004499640028797696, -5.111697, 180.1038, 55.64672
12/12/2014 12:43:10, 0.017998560115190784, -0.004499640028797696, -5.585395, 180.11319, 55.60881
12/12/2014 12:43:15, 0.017998560115190784, -0.004499640028797696, -6.0583277, 180.12248, 55.567783
12/12/2014 12:43:20, 0.017998560115190784, -0.004499640028797696, -6.530433, 180.13171, 55.5237
12/12/2014 12:43:25, 0.017998560115190784, -0.004499640028797696, -7.0016503, 180.14085, 55.47663
12/12/2014 12:43:30, 0.017998560115190784, -0.004499640028797696, -7.471917, 180.14989, 55.426636
12/12/2014 12:43:35, 0.017998560115190784, -0.004499640028797696, -7.9411736, 180.15884, 55.37379
12/12/2014 12:43:40, 0.017998560115190784, -0.004499640028797696, -8.40936, 180.1677, 55.318172
12/12/2014 12:43:45, 0.017998560115190784, -0.004499640028797696, -8.876419, 180.17644, 55.25985
12/12/2014 12:43:50, 0.017998560115190784, -0.004499640028797696, -9.342291, 180.18509, 55.198906
12/12/2014 12:43:55, 0.017998560115190784, -0.004499640028797696, -9.80692, 180.19362, 55.135418
12/12/2014 12:44:00, 0.017998560115190784, -0.004499640028797696, -10.27025, 180.20204, 55.06946
12/12/2014 12:44:05, 0.017998560115190784, -0.004499640028797696, -10.732227, 180.21036, 55.00112
12/12/2014 12:44:10, 0.017998560115190784, -0.004499640028797696, -11.192796, 180.21855, 54.930477
12/12/2014 12:44:15, 0.017998560115190784, -0.004499640028797696, -11.651904, 180.22662, 54.85761
12/12/2014 12:44:20, 0.017998560115190784, -0.004499640028797696, -12.109501, 180.23459, 54.7826
12/12/2014 12:44:25, 0.017998560115190784, -0.004499640028797696, -12.565534, 180.24243, 54.70553
12/12/2014 12:44:30, 0.017998560115190784, -0.004499640028797696, -13.019955, 180.25015, 54.626476
12/12/2014 12:44:35, 0.017998560115190784, -0.004499640028797696, -13.472715, 180.25775, 54.545525
12/12/2014 12:44:40, 0.017998560115190784, -0.004499640028797696, -13.923768, 180.26523, 54.46275
12/12/2014 12:44:45, 0.017998560115190784, -0.004499640028797696, -14.373066, 180.2726, 54.37823
12/12/2014 12:44:50, 0.017998560115190784, -0.004499640028797696, -14.820567, 180.27983, 54.29204
12/12/2014 12:44:55, 0.017998560115190784, -0.004499640028797696, -15.266225, 180.28696, 54.20426
12/12/2014 12:45:00, 0.017998560115190784, -0.004499640028797696, -15.709999, 180.29396, 54.11496
