time,Wind Direction (Degs),Wind Speed (M/Sec),Lat,Long
13:57:30,265.9,16,37.8119103,-122.453792
13:57:31,265.6,16,37.811923,-122.4537172
13:57:32,265.4,16,37.8119327,-122.453642
13:57:33,265.2,16,37.8119425,-122.4535676
13:57:34,265,16.1,37.811953,-122.4534937
13:57:35,264.8,16.1,37.8119642,-122.45342
13:57:36,264.6,16.2,37.8119731,-122.453345
13:57:37,264.4,16.3,37.8119847,-122.453268
13:57:38,264.3,16.4,37.8120026,-122.4531917
13:57:39,264.1,16.5,37.8120285,-122.4531198
13:57:40,264,16.6,37.8120646,-122.4530521
13:57:41,263.9,16.7,37.8121067,-122.4529998
13:57:42,263.9,16.8,37.8121543,-122.4529565
13:57:43,263.8,16.8,37.8122026,-122.4529293
13:57:44,263.8,16.9,37.8122573,-122.4529116
13:57:45,263.7,17,37.8123134,-122.452908
13:57:46,263.7,17.1,37.8123637,-122.4529199
13:57:47,263.7,17.1,37.8124041,-122.4529426
13:57:48,263.6,17.2,37.8124393,-122.4529746
13:57:49,263.6,17.2,37.8124673,-122.4530071
13:57:50,263.5,17.3,37.8124913,-122.4530423
13:57:51,263.4,17.3,37.8125102,-122.4530783
13:57:52,263.4,17.3,37.8125256,-122.4531097
13:57:53,263.3,17.3,37.8125428,-122.4531456
13:57:54,263.3,17.3,37.8125587,-122.4531781
13:57:55,263.2,17.3,37.8125776,-122.4532123
13:57:56,263.1,17.3,37.8125955,-122.4532451
13:57:57,263.1,17.3,37.8126122,-122.4532772
13:57:58,263,17.3,37.812628,-122.4533097
13:57:59,263,17.3,37.8126413,-122.4533385
13:58:00,262.9,17.3,37.8126558,-122.4533672
13:58:01,262.8,17.3,37.8126737,-122.4534004
13:58:02,262.8,17.3,37.8126948,-122.453434
13:58:03,262.7,17.3,37.8127208,-122.4534708
13:58:04,262.7,17.2,37.8127508,-122.4535089
13:58:05,262.6,17.2,37.8127841,-122.4535521
13:58:06,262.6,17.2,37.8128156,-122.4535943
13:58:07,262.5,17.2,37.8128454,-122.4536396
13:58:08,262.5,17.2,37.8128692,-122.4536825
13:58:09,262.4,17.2,37.8128919,-122.4537268
13:58:10,262.4,17.2,37.8129143,-122.4537692
13:58:11,262.4,17.2,37.8129379,-122.4538112
13:58:12,262.4,17.2,37.812962,-122.4538552
13:58:13,262.4,17.2,37.812985,-122.4538975
13:58:14,262.3,17.2,37.8130095,-122.4539398
13:58:15,262.3,17.2,37.8130365,-122.4539836
13:58:16,262.3,17.3,37.813065,-122.4540294
13:58:17,262.3,17.3,37.8130941,-122.4540726
13:58:18,262.3,17.3,37.8131266,-122.4541178
13:58:19,262.2,17.4,37.8131613,-122.4541654
13:58:20,262.2,17.4,37.8131961,-122.4542141
13:58:21,262.2,17.5,37.8132289,-122.4542599
13:58:22,262.1,17.5,37.8132623,-122.4543096
13:58:23,262.1,17.6,37.8132952,-122.4543615
13:58:24,262,17.6,37.8133266,-122.454412
13:58:25,262,17.7,37.8133567,-122.4544636
13:58:26,262,17.7,37.8133826,-122.4545179
13:58:27,261.9,17.8,37.8134091,-122.454571
13:58:28,261.9,17.8,37.8134417,-122.454623
13:58:29,261.9,17.9,37.8134817,-122.4546745
13:58:30,261.9,17.9,37.8135263,-122.4547327
13:58:31,261.9,17.9,37.8135792,-122.4547947
13:58:32,261.9,18,37.813646,-122.454855
13:58:33,261.9,18,37.8137308,-122.4549087
13:58:34,262,18.1,37.8138293,-122.4549583
13:58:35,262.1,18.1,37.8139428,-122.4550021
13:58:36,262.2,18.1,37.8140695,-122.4550411
13:58:37,262.3,18.2,37.8142095,-122.4550698
13:58:38,262.4,18.2,37.814362,-122.4550794
13:58:39,262.6,18.2,37.8145244,-122.4550769
13:58:40,262.7,18.2,37.8146932,-122.4550689
13:58:41,262.9,18.2,37.8148661,-122.4550599
13:58:42,263,18.2,37.8150434,-122.455052
13:58:43,263.1,18.2,37.8152201,-122.4550583
13:58:44,263.2,18.2,37.815397,-122.4550821
13:58:45,263.3,18.2,37.8155723,-122.4551161
13:58:46,263.3,18.2,37.8157428,-122.4551549
13:58:47,263.3,18.1,37.8159124,-122.4551839
13:58:48,263.3,18.1,37.8160824,-122.4552066
13:58:49,263.3,18,37.8162498,-122.4552293
13:58:50,263.2,18,37.8164161,-122.4552525
13:58:51,263.1,18,37.8165826,-122.4552806
13:58:52,262.9,17.9,37.8167547,-122.4552998
13:58:53,262.8,17.9,37.8169317,-122.4553023
13:58:54,262.7,17.9,37.8171112,-122.4552869
13:58:55,262.6,17.8,37.8172935,-122.4552433
13:58:56,262.4,17.8,37.8174743,-122.4551713
13:58:57,262.3,17.8,37.8176489,-122.455069
13:58:58,262.3,17.8,37.8178157,-122.4549402
13:58:59,262.2,17.8,37.8179754,-122.4547972
13:59:00,262.2,17.8,37.8181383,-122.4546696
13:59:01,262.2,17.8,37.8183099,-122.4545739
13:59:02,262.2,17.8,37.8184793,-122.4545063
13:59:03,262.2,17.8,37.8186432,-122.4544337
13:59:04,262.3,17.8,37.8188084,-122.454356
13:59:05,262.4,17.8,37.8189706,-122.454265
13:59:06,262.4,17.7,37.8191201,-122.4541425
13:59:07,262.5,17.7,37.8192584,-122.4540035
13:59:08,262.5,17.6,37.8193974,-122.4538738
13:59:09,262.6,17.5,37.8195413,-122.4537637
13:59:10,262.7,17.5,37.8196903,-122.4536753
13:59:11,262.7,17.4,37.8198424,-122.4536031
13:59:12,262.8,17.3,37.8199924,-122.4535339
13:59:13,262.9,17.2,37.8201409,-122.4534698
13:59:14,262.9,17.2,37.8202894,-122.4534136
13:59:15,263,17.1,37.8204362,-122.4533611
13:59:16,263.1,17,37.8205808,-122.4533009
13:59:17,263.2,17,37.8207241,-122.4532301
13:59:18,263.4,16.9,37.8208682,-122.4531624
13:59:19,263.5,16.8,37.8210118,-122.4530851
13:59:20,263.7,16.8,37.8211536,-122.4529932
13:59:21,263.9,16.7,37.8212952,-122.4528964
13:59:22,264,16.7,37.8214351,-122.4527924
13:59:23,264.2,16.6,37.8215754,-122.4526893
13:59:24,264.3,16.6,37.821706,-122.4525654
13:59:25,264.5,16.6,37.8218241,-122.4524238
13:59:26,264.6,16.5,37.8219324,-122.4522713
13:59:27,264.8,16.5,37.8220395,-122.4521185
13:59:28,264.8,16.4,37.8221427,-122.4519603
13:59:29,264.9,16.4,37.8222426,-122.4517943
13:59:30,264.9,16.4,37.8223402,-122.4516261
13:59:31,265,16.4,37.8224303,-122.4514544
13:59:32,265,16.3,37.8225063,-122.4512791
13:59:33,264.9,16.3,37.8225614,-122.451099
13:59:34,264.9,16.3,37.8225964,-122.45092
13:59:35,264.9,16.3,37.8226078,-122.4507469
13:59:36,264.8,16.2,37.8225959,-122.4505859
13:59:37,264.8,16.2,37.8225638,-122.4504445
13:59:38,264.8,16.3,37.8225129,-122.4503226
13:59:39,264.7,16.3,37.8224488,-122.4502167
13:59:40,264.7,16.3,37.822383,-122.4501154
13:59:41,264.8,16.4,37.8223161,-122.4500182
13:59:42,264.8,16.4,37.8222521,-122.4499165
13:59:43,264.9,16.5,37.8221918,-122.4498118
13:59:44,264.9,16.5,37.8221312,-122.4497086
13:59:45,265,16.6,37.822067,-122.4496094
13:59:46,265.1,16.6,37.8219969,-122.44952
13:59:47,265.2,16.7,37.8219285,-122.4494283
13:59:48,265.2,16.7,37.8218727,-122.4493234
13:59:49,265.3,16.8,37.8218241,-122.449212
13:59:50,265.3,16.8,37.8217692,-122.4491071
13:59:51,265.3,16.9,37.8217039,-122.4490178
13:59:52,265.3,16.9,37.8216294,-122.4489552
13:59:53,265.3,16.9,37.8215504,-122.4489201
13:59:54,265.3,16.9,37.8214743,-122.4489095
13:59:55,265.3,16.9,37.8214042,-122.4489203
13:59:56,265.3,17,37.8213389,-122.4489493
13:59:57,265.3,17,37.8212831,-122.4489926
13:59:58,265.3,17,37.8212319,-122.449047
13:59:59,265.3,17,37.8211885,-122.4491088
14:00:00,265.3,17,37.8211546,-122.4491755
14:00:01,265.3,16.9,37.8211258,-122.4492424
14:00:02,265.3,16.9,37.8210976,-122.4493102
14:00:03,265.4,16.9,37.8210666,-122.4493754
14:00:04,265.4,16.9,37.8210269,-122.4494367
14:00:05,265.4,16.8,37.8209907,-122.4494987
14:00:06,265.4,16.8,37.8209563,-122.4495635
14:00:07,265.4,16.7,37.8209197,-122.4496273
14:00:08,265.5,16.7,37.8208814,-122.4496915
14:00:09,265.5,16.6,37.8208418,-122.4497572
14:00:10,265.5,16.6,37.820801,-122.4498228
14:00:11,265.5,16.5,37.8207617,-122.4498912
14:00:12,265.6,16.5,37.8207233,-122.4499608
14:00:13,265.6,16.5,37.8206861,-122.4500329
14:00:14,265.6,16.4,37.8206535,-122.4501057
14:00:15,265.7,16.4,37.8206262,-122.45018
14:00:16,265.7,16.4,37.8205954,-122.4502534
14:00:17,265.7,16.4,37.8205611,-122.4503281
14:00:18,265.8,16.4,37.8205266,-122.4504044
14:00:19,265.8,16.4,37.8204863,-122.4504808
14:00:20,265.9,16.4,37.8204429,-122.4505596
14:00:21,265.9,16.4,37.8203958,-122.4506417
14:00:22,265.9,16.4,37.8203392,-122.4507195
14:00:23,265.9,16.4,37.8202684,-122.4507846
14:00:24,265.9,16.4,37.8201832,-122.450826
14:00:25,265.8,16.4,37.8200867,-122.4508346
14:00:26,265.8,16.5,37.819984,-122.4508059
14:00:27,265.7,16.5,37.8198845,-122.4507394
14:00:28,265.6,16.4,37.8197869,-122.4506542
14:00:29,265.5,16.4,37.8196818,-122.4505993
14:00:30,265.4,16.4,37.8195837,-122.4505971
14:00:31,265.3,16.4,37.8194979,-122.4506233
14:00:32,265.1,16.4,37.8194266,-122.4506737
14:00:33,264.9,16.3,37.8193623,-122.4507347
14:00:34,264.7,16.3,37.8192992,-122.4508005
14:00:35,264.6,16.2,37.8192373,-122.4508672
14:00:36,264.4,16.2,37.8191823,-122.4509392
14:00:37,264.3,16.2,37.819124,-122.4510115
14:00:38,264.1,16.1,37.8190688,-122.4510849
14:00:39,264,16.1,37.8190192,-122.4511615
14:00:40,264,16.1,37.8189761,-122.4512443
14:00:41,264,16,37.8189328,-122.4513252
14:00:42,264,16,37.8188953,-122.4514089
14:00:43,264,16,37.8188648,-122.4514921
14:00:44,264.1,16.1,37.8188364,-122.4515714
14:00:45,264.3,16.1,37.8188093,-122.4516463
14:00:46,264.4,16.1,37.8187808,-122.4517179
14:00:47,264.6,16.1,37.818741,-122.4517847
14:00:48,264.7,16.2,37.8186947,-122.4518503
14:00:49,264.9,16.2,37.8186543,-122.4519203
14:00:50,265.1,16.2,37.8186165,-122.4519935
14:00:51,265.2,16.3,37.8185728,-122.4520662
14:00:52,265.4,16.3,37.8185231,-122.4521375
14:00:53,265.5,16.3,37.8184653,-122.4522081
14:00:54,265.6,16.3,37.818398,-122.4522768
14:00:55,265.7,16.4,37.8183147,-122.4523379
14:00:56,265.8,16.4,37.8182146,-122.4523831
14:00:57,265.8,16.4,37.8180992,-122.4524119
14:00:58,265.8,16.4,37.8179732,-122.4524287
14:00:59,265.8,16.4,37.8178366,-122.4524361
14:01:00,265.8,16.4,37.8176914,-122.4524357
14:01:01,265.8,16.4,37.8175411,-122.4524224
14:01:02,265.8,16.4,37.817386,-122.4523934
14:01:03,265.9,16.5,37.8172275,-122.4523604
14:01:04,265.9,16.5,37.8170659,-122.4523186
14:01:05,265.9,16.5,37.8169004,-122.4522817
14:01:06,265.9,16.5,37.8167336,-122.4522362
14:01:07,265.9,16.5,37.8165642,-122.4521928
14:01:08,266,16.5,37.8163903,-122.4521481
14:01:09,266,16.5,37.8162145,-122.4521019
14:01:10,266,16.5,37.816038,-122.4520568
14:01:11,266,16.5,37.8158568,-122.4520034
14:01:12,265.9,16.5,37.8156715,-122.4519478
14:01:13,265.9,16.5,37.8154907,-122.4518919
14:01:14,265.8,16.5,37.8153103,-122.451836
14:01:15,265.7,16.6,37.8151283,-122.4517689
14:01:16,265.6,16.6,37.8149542,-122.4516788
14:01:17,265.5,16.6,37.814775,-122.4515844
14:01:18,265.4,16.6,37.8145981,-122.4515231
14:01:19,265.4,16.7,37.8144243,-122.451482
14:01:20,265.4,16.7,37.8142461,-122.451445
14:01:21,265.4,16.8,37.8140645,-122.451404
14:01:22,265.5,16.8,37.813882,-122.4513448
14:01:23,265.6,16.8,37.8136945,-122.4512724
14:01:24,265.7,16.9,37.8135017,-122.451205
14:01:25,265.9,16.9,37.8133045,-122.4511343
14:01:26,265.9,17,37.8131071,-122.4510623
14:01:27,265.9,17,37.8129205,-122.4509693
14:01:28,265.8,17,37.8127478,-122.4508562
14:01:29,265.8,17.1,37.8125877,-122.4507337
14:01:30,265.7,17.1,37.8124487,-122.4505971
14:01:31,265.6,17.1,37.8123288,-122.4504498
14:01:32,265.5,17.2,37.8122174,-122.4502916
14:01:33,265.3,17.2,37.8121144,-122.4501179
14:01:34,265.2,17.3,37.8120362,-122.4499179
14:01:35,265.1,17.3,37.8119757,-122.4497054
14:01:36,265.1,17.3,37.8119195,-122.449493
14:01:37,265,17.3,37.81184,-122.4492909
14:01:38,265,17.3,37.8117349,-122.4491095
14:01:39,264.9,17.3,37.8116255,-122.4489342
14:01:40,264.9,17.3,37.8115196,-122.448753
14:01:41,264.9,17.4,37.8114338,-122.4485573
14:01:42,265,17.4,37.8113613,-122.4483551
14:01:43,265,17.4,37.8112989,-122.4481486
14:01:44,265,17.4,37.8112434,-122.4479385
14:01:45,265.1,17.5,37.811197,-122.4477236
14:01:46,265.1,17.5,37.8111506,-122.4475108
14:01:47,265.1,17.5,37.8110909,-122.4473008
14:01:48,265.2,17.6,37.8110234,-122.4470917
14:01:49,265.2,17.6,37.8109625,-122.4468787
14:01:50,265.2,17.7,37.8109055,-122.4466637
14:01:51,265.2,17.7,37.8108522,-122.4464456
14:01:52,265.2,17.8,37.8108039,-122.4462249
14:01:53,265.2,17.8,37.8107496,-122.4460088
14:01:54,265.2,17.8,37.8106925,-122.4457949
14:01:55,265.2,17.9,37.8106289,-122.4455854
14:01:56,265.2,17.9,37.8105685,-122.4453743
14:01:57,265.2,17.9,37.8105268,-122.4451562
14:01:58,265.2,17.9,37.8105037,-122.4449367
14:01:59,265.2,18,37.8105021,-122.4447232
14:02:00,265.1,18,37.8105334,-122.444525
14:02:01,265.1,18,37.8106004,-122.4443538
14:02:02,265.1,18,37.8106866,-122.4441986
14:02:03,265.1,18,37.8107725,-122.4440417
14:02:04,265.1,18,37.8108671,-122.4438896
14:02:05,265.1,18,37.8109727,-122.443743
14:02:06,265.1,18,37.8110786,-122.4435893
14:02:07,265.1,18,37.8111774,-122.4434214
14:02:08,265.1,18,37.8112598,-122.4432342
14:02:09,265.1,18,37.8113423,-122.4430461
14:02:10,265.1,18,37.8114325,-122.4428558
14:02:11,265.1,18,37.811534,-122.4426672
14:02:12,265.2,18,37.8116436,-122.4424843
14:02:13,265.2,18.1,37.8117483,-122.4422929
14:02:14,265.2,18.1,37.8118571,-122.4421071
14:02:15,265.2,18.1,37.8119565,-122.4419149
14:02:16,265.2,18.1,37.8120603,-122.4417223
14:02:17,265.2,18.2,37.8121766,-122.4415402
14:02:18,265.2,18.2,37.8122918,-122.4413504
14:02:19,265.2,18.2,37.812397,-122.4411512
14:02:20,265.2,18.2,37.8124937,-122.4409469
14:02:21,265.2,18.2,37.812598,-122.440752
14:02:22,265.2,18.2,37.8127182,-122.4405755
14:02:23,265.2,18.2,37.8128427,-122.4404013
14:02:24,265.2,18.2,37.8129655,-122.4402219
14:02:25,265,18.2,37.8130855,-122.4400381
14:02:26,264.8,18.1,37.8132056,-122.4398491
14:02:27,264.5,18.1,37.8133254,-122.4396538
14:02:28,264.3,18.1,37.8134394,-122.4394558
14:02:29,263.9,18.1,37.8135375,-122.4392465
14:02:30,263.6,18.1,37.8136212,-122.4390244
14:02:31,263.3,18.1,37.8137166,-122.4388138
14:02:32,263,18.1,37.8138236,-122.4386197
14:02:33,262.6,18,37.8139247,-122.438421
14:02:34,262.2,18,37.814026,-122.4382211
14:02:35,261.8,18,37.8141378,-122.438031
14:02:36,261.4,18,37.8142543,-122.4378437
14:02:37,261.1,18,37.814369,-122.4376518
14:02:38,260.8,18,37.8144789,-122.4374524
14:02:39,260.6,18,37.8145861,-122.437251
14:02:40,260.4,18,37.8147035,-122.4370644
14:02:41,260.2,18,37.8148211,-122.4368785
14:02:42,260.1,18.1,37.8149465,-122.4367004
14:02:43,260,18.1,37.8150799,-122.4365272
14:02:44,259.9,18.2,37.8152189,-122.4363548
14:02:45,259.9,18.2,37.8153577,-122.4361834
14:02:46,259.9,18.3,37.8154816,-122.4359957
14:02:47,259.9,18.4,37.8155903,-122.4357948
14:02:48,259.8,18.4,37.8157131,-122.4356097
14:02:49,259.7,18.5,37.8158507,-122.435445
14:02:50,259.6,18.6,37.8159818,-122.4352727
14:02:51,259.4,18.6,37.8161012,-122.4350888
14:02:52,259.3,18.7,37.8162341,-122.4349212
14:02:53,259.1,18.7,37.8163705,-122.434758
14:02:54,258.9,18.7,37.8164963,-122.4345821
14:02:55,258.8,18.7,37.8166207,-122.4344018
14:02:56,258.7,18.8,37.8167528,-122.4342311
14:02:57,258.5,18.8,37.81688,-122.4340552
14:02:58,258.3,18.7,37.8169984,-122.4338688
14:02:59,258.1,18.7,37.8171179,-122.4336885
14:03:00,257.9,18.7,37.8172415,-122.4335157
14:03:01,257.7,18.7,37.8173689,-122.433341
14:03:02,257.4,18.6,37.8174892,-122.4331567
14:03:03,257.2,18.6,37.8175967,-122.4329647
14:03:04,257,18.5,37.8177076,-122.4327788
14:03:05,256.7,18.4,37.8178328,-122.4326072
14:03:06,256.5,18.4,37.8179584,-122.4324363
14:03:07,256.2,18.3,37.8180777,-122.432264
14:03:08,256,18.3,37.8181938,-122.4320898
14:03:09,255.8,18.2,37.8183205,-122.4319268
14:03:10,255.5,18.2,37.8184447,-122.4317594
14:03:11,255.3,18.2,37.8185614,-122.431585
14:03:12,255,18.2,37.818674,-122.4314115
14:03:13,254.8,18.2,37.8187866,-122.4312446
14:03:14,254.6,18.2,37.8189084,-122.4310857
14:03:15,254.4,18.2,37.8190404,-122.4309384
14:03:16,254.3,18.3,37.8191781,-122.4307991
14:03:17,254.2,18.3,37.8193081,-122.4306483
14:03:18,254.2,18.4,37.8194248,-122.4304811
14:03:19,254.1,18.5,37.8195455,-122.4303202
14:03:20,254.1,18.5,37.8196729,-122.4301688
14:03:21,254,18.6,37.8197976,-122.4300104
14:03:22,254,18.7,37.8199168,-122.4298452
14:03:23,254,18.7,37.8200321,-122.4296739
14:03:24,253.9,18.8,37.8201447,-122.4295017
14:03:25,253.8,18.9,37.8202609,-122.4293377
14:03:26,253.6,18.9,37.8203799,-122.4291791
14:03:27,253.5,19,37.8205085,-122.4290342
14:03:28,253.3,19,37.8206415,-122.4288944
14:03:29,253,19.1,37.8207744,-122.428756
14:03:30,252.7,19.1,37.8208967,-122.4286036
14:03:31,252.4,19.1,37.8210134,-122.428447
14:03:32,252,19.1,37.8211377,-122.4283031
14:03:33,251.8,19.1,37.8212595,-122.4281553
14:03:34,251.6,19.1,37.821377,-122.4280023
14:03:35,251.4,19,37.8214974,-122.4278584
14:03:36,251.2,19,37.8216183,-122.4277196
14:03:37,251.1,18.9,37.8217314,-122.4275749
14:03:38,251.1,18.8,37.8218357,-122.4274309
14:03:39,251.1,18.8,37.821924,-122.4272811
14:03:40,251.1,18.7,37.8219927,-122.4271228
14:03:41,251.1,18.6,37.8220387,-122.4269604
14:03:42,251.1,18.5,37.8220448,-122.4267973
14:03:43,251.2,18.3,37.8220281,-122.4266403
14:03:44,251.1,18.2,37.8219923,-122.4264892
14:03:45,251.1,18.1,37.8219441,-122.4263436
14:03:46,251,18,37.8218954,-122.4261951
14:03:47,250.8,17.8,37.8218552,-122.4260379
14:03:48,250.7,17.7,37.8218044,-122.425878
14:03:49,250.5,17.5,37.821738,-122.4257179
14:03:50,250.4,17.4,37.8216712,-122.4255465
14:03:51,250.3,17.2,37.8216127,-122.4253604
14:03:52,250.2,17.1,37.8215523,-122.4251678
14:03:53,250.1,17,37.8214915,-122.4249684
14:03:54,250.1,16.9,37.8214274,-122.4247661
14:03:55,250,16.7,37.8213719,-122.4245563
14:03:56,250,16.6,37.8213097,-122.4243447
14:03:57,250,16.5,37.8212355,-122.4241362
14:03:58,250,16.4,37.8211576,-122.423929
14:03:59,250.1,16.2,37.8210766,-122.4237324
14:04:00,250.1,16,37.8209969,-122.4235371
14:04:01,250.1,15.9,37.8209262,-122.4233351
14:04:02,250.2,15.7,37.8208621,-122.4231316
14:04:03,250.2,15.5,37.8207957,-122.4229277
14:04:04,250.2,15.4,37.8207219,-122.422721
14:04:05,250.2,15.3,37.8206536,-122.422504
14:04:06,250.2,15.1,37.8206008,-122.4222783
14:04:07,250.2,15,37.8205632,-122.4220452
14:04:08,250.1,15,37.8205205,-122.4218148
14:04:09,250.1,14.9,37.8204649,-122.4215905
14:04:10,250,14.9,37.8204139,-122.421361
14:04:11,250,14.9,37.8203822,-122.4211243
14:04:12,249.9,14.9,37.8203519,-122.420889
14:04:13,249.9,14.9,37.8203104,-122.4206566
14:04:14,249.8,14.9,37.8202705,-122.4204246
14:04:15,249.8,15,37.8202301,-122.4201923
14:04:16,249.8,15.1,37.8201835,-122.4199623
14:04:17,249.8,15.1,37.8201468,-122.4197296
14:04:18,249.8,15.2,37.8200912,-122.4195044
14:04:19,249.8,15.3,37.8200343,-122.4192813
14:04:20,249.8,15.4,37.819996,-122.4190499
14:04:21,249.8,15.4,37.8199524,-122.4188191
14:04:22,249.8,15.5,37.8199112,-122.4185881
14:04:23,249.9,15.6,37.8198764,-122.4183566
14:04:24,249.9,15.7,37.8198356,-122.4181286
14:04:25,249.9,15.8,37.8197934,-122.4179002
14:04:26,249.9,15.8,37.8197594,-122.4176678
14:04:27,249.9,15.9,37.8197157,-122.4174385
14:04:28,249.9,15.9,37.8196806,-122.4172079
14:04:29,249.9,16,37.8196506,-122.4169771
14:04:30,249.9,16,37.8196136,-122.4167521
14:04:31,249.9,16.1,37.8195739,-122.4165268
14:04:32,249.9,16.1,37.8195386,-122.4162991
14:04:33,250.1,16.1,37.8195107,-122.4160697
14:04:34,250.2,16.1,37.8194787,-122.4158437
14:04:35,250.3,16.2,37.8194443,-122.4156199
14:04:36,250.5,16.2,37.8194036,-122.4153986
14:04:37,250.7,16.3,37.8193677,-122.4151767
14:04:38,251,16.3,37.8193235,-122.4149568
14:04:39,251.2,16.3,37.8192813,-122.4147363
14:04:40,251.5,16.4,37.8192464,-122.414514
14:04:41,251.7,16.4,37.8192109,-122.4142919
14:04:42,252,16.4,37.819175,-122.4140718
14:04:43,252.1,16.5,37.819134,-122.4138545
14:04:44,252.3,16.5,37.8190957,-122.4136346
14:04:45,252.4,16.5,37.8190669,-122.4134109
14:04:46,252.4,16.5,37.8190526,-122.413184
14:04:47,252.4,16.6,37.8190485,-122.4129576
14:04:48,252.4,16.6,37.8190424,-122.4127342
14:04:49,252.4,16.6,37.8190325,-122.4125128
14:04:50,252.3,16.6,37.8190128,-122.4122937
14:04:51,252.2,16.5,37.8189942,-122.4120746
14:04:52,252.1,16.5,37.8189764,-122.4118543
14:04:53,252.1,16.4,37.81896,-122.4116317
14:04:54,251.9,16.3,37.818953,-122.4114083
14:04:55,251.8,16.3,37.8189547,-122.4111845
14:04:56,251.6,16.2,37.8189576,-122.4109644
14:04:57,251.5,16.1,37.8189575,-122.4107447
14:04:58,251.3,16,37.818943,-122.4105252
14:04:59,251.2,15.9,37.8189322,-122.410306
14:05:00,251.1,15.9,37.8189342,-122.4100874
14:05:01,251,15.9,37.8189398,-122.4098699
14:05:02,250.9,15.9,37.8189408,-122.4096555
14:05:03,250.6,15.9,37.8189374,-122.4094415
14:05:04,250.3,16,37.8189336,-122.4092275
14:05:05,250,16.1,37.818931,-122.4090119
14:05:06,249.8,16.2,37.8189279,-122.4087946
14:05:07,249.4,16.4,37.8189305,-122.4085786
14:05:08,248.9,16.5,37.8189389,-122.4083639
14:05:09,248.6,16.6,37.8189429,-122.4081491
14:05:10,248.2,16.7,37.818946,-122.4079321
14:05:11,247.8,16.8,37.8189513,-122.4077123
14:05:12,247.5,16.9,37.8189564,-122.4074923
14:05:13,247.2,17,37.8189585,-122.4072725
14:05:14,246.9,17,37.8189614,-122.4070488
14:05:15,246.6,17,37.8189711,-122.4068277
14:05:16,246.4,17,37.81898,-122.4066082
14:05:17,246.2,17.1,37.8189875,-122.4063878
14:05:18,246,17,37.8189861,-122.4061658
14:05:19,245.8,17,37.8189781,-122.4059433
14:05:20,245.6,17,37.8189704,-122.4057193
14:05:21,245.5,17,37.8189579,-122.4054951
14:05:22,245.2,17,37.8189445,-122.4052712
14:05:23,244.9,17,37.8189403,-122.4050443
14:05:24,244.7,17.1,37.8189553,-122.4048155
14:05:25,244.4,17.1,37.8189808,-122.4045928
14:05:26,244.2,17.1,37.819021,-122.4043826
14:05:27,243.9,17.2,37.8190821,-122.4041935
14:05:28,243.6,17.3,37.8191628,-122.4040291
14:05:29,243.4,17.3,37.8192607,-122.4038929
14:05:30,243.2,17.4,37.8193726,-122.4037832
14:05:31,243.1,17.5,37.8194951,-122.4036907
14:05:32,243,17.6,37.8196194,-122.4035925
14:05:33,242.9,17.7,37.8197478,-122.4034914
14:05:34,242.8,17.8,37.8198745,-122.4033763
14:05:35,242.8,17.9,37.8200059,-122.4032601
14:05:36,242.8,17.9,37.8201333,-122.4031363
14:05:37,242.7,18,37.8202607,-122.403016
14:05:38,242.6,18.1,37.820388,-122.4028957
14:05:39,242.5,18.1,37.8205108,-122.4027681
14:05:40,242.4,18.1,37.8206342,-122.4026432
14:05:41,242.3,18.1,37.8207586,-122.4025204
14:05:42,242.2,18.1,37.8208842,-122.402399
14:05:43,242.1,18.1,37.8210098,-122.4022761
14:05:44,242.1,18,37.8211398,-122.4021607
14:05:45,242,18,37.8212703,-122.4020428
14:05:46,242,17.9,37.8214002,-122.4019173
14:05:47,242,17.9,37.821537,-122.4017949
14:05:48,242,17.9,37.82168,-122.401678
14:05:49,242,17.8,37.8218204,-122.4015568
14:05:50,242,17.8,37.8219597,-122.4014399
14:05:51,242,17.8,37.8221022,-122.4013296
14:05:52,242,17.7,37.8222436,-122.4012159
14:05:53,242,17.7,37.8223847,-122.4010979
14:05:54,242.1,17.7,37.8225291,-122.4009814
14:05:55,242.1,17.7,37.8226761,-122.4008752
14:05:56,242.1,17.7,37.8228228,-122.400777
14:05:57,242.1,17.8,37.8229719,-122.4006866
14:05:58,242.2,17.8,37.8231282,-122.4006198
14:05:59,242.2,17.8,37.823292,-122.4005774
14:06:00,242.2,17.8,37.823459,-122.4005929
14:06:01,242.2,17.8,37.8236197,-122.4006566
14:06:02,242.2,17.8,37.8237678,-122.4007516
14:06:03,242.2,17.8,37.8238926,-122.4008747
14:06:04,242.2,17.8,37.8239846,-122.4010202
14:06:05,242.1,17.7,37.8240534,-122.4011774
14:06:06,242.1,17.7,37.8241134,-122.4013429
14:06:07,242.1,17.6,37.8241719,-122.4015086
14:06:08,242.1,17.6,37.8242309,-122.4016653
14:06:09,242.1,17.5,37.8242888,-122.4018156
14:06:10,242.1,17.5,37.8243478,-122.4019598
14:06:11,242.1,17.4,37.8244114,-122.4020982
14:06:12,242.1,17.4,37.8244767,-122.4022335
14:06:13,242.1,17.3,37.8245413,-122.4023688
14:06:14,242.1,17.3,37.8246064,-122.4025049
14:06:15,242.1,17.2,37.8246705,-122.4026393
14:06:16,242.1,17.2,37.8247347,-122.4027664
14:06:17,242.1,17.2,37.8247916,-122.4028918
14:06:18,242.1,17.2,37.8248325,-122.4030137
14:06:19,242.1,17.2,37.8248529,-122.4031243
14:06:20,242.1,17.2,37.8248515,-122.4032169
14:06:21,242.1,17.2,37.8248376,-122.4032903
14:06:22,242.1,17.2,37.8248159,-122.4033482
14:06:23,242.1,17.2,37.8247845,-122.403391
14:06:24,242.1,17.2,37.8247418,-122.4034221
14:06:25,242.1,17.1,37.8246887,-122.4034469
14:06:26,242.1,17.1,37.8246281,-122.4034725
14:06:27,241.9,17.1,37.8245628,-122.4035004
14:06:28,241.8,17.1,37.8244946,-122.4035327
14:06:29,241.6,17,37.8244224,-122.403565
14:06:30,241.3,17,37.8243451,-122.4035956
14:06:31,241.1,17,37.8242644,-122.4036252
14:06:32,240.8,16.9,37.8241804,-122.4036569
14:06:33,240.5,16.9,37.8240899,-122.4036857
14:06:34,240.3,16.9,37.8239962,-122.4037143
14:06:35,240.1,16.8,37.8238983,-122.4037405
14:06:36,239.9,16.8,37.8237993,-122.4037714
14:06:37,239.7,16.8,37.8236976,-122.4038008
14:06:38,239.6,16.8,37.823592,-122.4038212
14:06:39,239.5,16.8,37.8234867,-122.403845
14:06:40,239.5,16.8,37.8233828,-122.4038724
14:06:41,239.5,16.8,37.8232756,-122.4038972
14:06:42,239.5,16.7,37.8231647,-122.4039197
14:06:43,239.5,16.7,37.8230519,-122.4039449
14:06:44,239.6,16.7,37.8229383,-122.4039744
14:06:45,239.7,16.7,37.8228241,-122.4040092
14:06:46,239.8,16.6,37.8227082,-122.4040454
14:06:47,239.8,16.6,37.822591,-122.4040812
14:06:48,239.9,16.6,37.8224707,-122.4041079
14:06:49,239.9,16.5,37.8223502,-122.4041325
14:06:50,240,16.5,37.8222282,-122.4041552
14:06:51,240,16.4,37.8221079,-122.4041785
14:06:52,240,16.4,37.8219834,-122.4041887
14:06:53,240,16.4,37.8218593,-122.4042024
14:06:54,240,16.3,37.8217355,-122.4042149
14:06:55,240,16.3,37.8216115,-122.4042229
14:06:56,240,16.3,37.8214871,-122.4042317
14:06:57,240,16.3,37.821366,-122.4042492
14:06:58,240,16.3,37.8212426,-122.4042634
14:06:59,239.9,16.3,37.8211182,-122.4042775
14:07:00,239.9,16.3,37.8209949,-122.4042951
14:07:01,239.9,16.3,37.82087,-122.4043143
14:07:02,239.8,16.3,37.8207456,-122.4043391
14:07:03,239.7,16.3,37.8206213,-122.4043628
14:07:04,239.6,16.3,37.8204928,-122.404379
14:07:05,239.4,16.3,37.8203588,-122.4043923
14:07:06,239.3,16.3,37.8202232,-122.4044007
14:07:07,239,16.2,37.8200876,-122.4044083
14:07:08,238.7,16.2,37.81995,-122.4044112
14:07:09,238.4,16.2,37.819809,-122.4044097
14:07:10,238.2,16.2,37.8196681,-122.4044099
14:07:11,237.9,16.1,37.8195303,-122.4044189
14:07:12,237.6,16.1,37.8193903,-122.4044234
14:07:13,237.4,16,37.8192422,-122.4044166
14:07:14,237.1,16,37.8190889,-122.4044116
14:07:15,236.9,15.9,37.8189367,-122.4044148
14:07:17,236.7,15.9,37.8186327,-122.404408
14:07:18,236.6,15.9,37.8184815,-122.4043945
14:07:19,236.5,15.9,37.8183324,-122.4043842
14:07:20,236.5,15.9,37.8181857,-122.4043826
14:07:21,236.6,15.9,37.8180414,-122.404392
14:07:22,236.6,16,37.8178964,-122.4043976
14:07:23,236.7,16,37.8177536,-122.4044125
14:07:24,236.7,16.1,37.8176104,-122.4044304
14:07:25,236.8,16.1,37.8174651,-122.4044448
14:07:26,236.9,16.2,37.8173201,-122.4044518
14:07:27,236.9,16.2,37.8171801,-122.4044698
14:07:28,237,16.2,37.8170433,-122.4044955
14:07:29,237,16.3,37.8169071,-122.404523
14:07:30,237.1,16.3,37.8167717,-122.4045531
14:07:31,237.1,16.3,37.8166354,-122.404585
14:07:32,237.1,16.3,37.8165015,-122.4046235
14:07:33,237.1,16.3,37.8163675,-122.4046643
14:07:34,237.1,16.2,37.8162342,-122.4046986
14:07:35,237,16.2,37.8161064,-122.4047284
14:07:36,237,16.2,37.8159827,-122.4047515
14:07:37,237,16.2,37.8158553,-122.4047659
14:07:38,237,16.2,37.8157287,-122.4047895
14:07:39,237,16.1,37.8156015,-122.4048096
14:07:40,236.9,16.1,37.8154771,-122.4048389
14:07:41,236.9,16.1,37.8153537,-122.4048709
14:07:42,236.9,16.1,37.8152303,-122.4049038
14:07:43,236.9,16.2,37.8151044,-122.4049334
14:07:44,236.9,16.2,37.8149761,-122.4049631
14:07:45,236.9,16.2,37.8148444,-122.4049905
14:07:46,237.1,16.2,37.814712,-122.4050145
14:07:47,237.2,16.3,37.8145811,-122.4050457
14:07:48,237.4,16.3,37.8144518,-122.405081
14:07:49,237.6,16.3,37.8143217,-122.405114
14:07:50,237.9,16.4,37.8141901,-122.4051448
14:07:51,238.2,16.4,37.8140608,-122.4051748
14:07:52,238.5,16.5,37.8139377,-122.4052089
14:07:53,238.7,16.5,37.8138242,-122.4052459
14:07:54,239.1,16.6,37.8137271,-122.405295
14:07:55,239.4,16.6,37.8136546,-122.4053528
14:07:56,239.7,16.7,37.8136026,-122.4054094
14:07:57,239.9,16.7,37.8135671,-122.4054601
14:07:58,240.2,16.7,37.8135506,-122.4055057
14:07:59,240.3,16.7,37.8135478,-122.4055526
14:08:00,240.4,16.7,37.8135602,-122.4056045
14:08:01,240.5,16.7,37.8135846,-122.4056621
14:08:02,240.5,16.7,37.8136171,-122.4057279
14:08:03,240.3,16.7,37.813652,-122.4058035
14:08:04,240.1,16.7,37.8136829,-122.4058865
14:08:05,239.8,16.7,37.8137101,-122.4059768
14:08:06,239.4,16.7,37.8137403,-122.4060742
14:08:07,239,16.7,37.8137761,-122.4061756
14:08:08,238.6,16.6,37.8138164,-122.4062775
14:08:09,238.2,16.6,37.8138583,-122.4063798
14:08:10,237.9,16.6,37.8139053,-122.4064825
14:08:11,237.6,16.6,37.8139547,-122.406587
14:08:12,237.3,16.6,37.8139971,-122.4066939
14:08:13,237.2,16.6,37.8140333,-122.4068042
14:08:14,237.3,16.7,37.8140671,-122.4069175
14:08:15,237.4,16.7,37.8141042,-122.4070322
14:08:16,237.7,16.7,37.8141372,-122.4071495
14:08:17,238.1,16.7,37.8141725,-122.4072684
14:08:18,238.5,16.8,37.8142084,-122.4073894
14:08:19,238.9,16.8,37.8142469,-122.4075125
14:08:20,239.5,16.9,37.8142908,-122.407636
14:08:21,240,16.9,37.8143358,-122.4077606
14:08:22,240.4,16.9,37.8143782,-122.4078859
14:08:23,240.9,17,37.8144222,-122.4080131
14:08:24,241.4,17,37.8144656,-122.4081402
14:08:25,241.7,17.1,37.8145046,-122.4082689
14:08:26,242.1,17.1,37.8145465,-122.4083981
14:08:27,242.4,17.2,37.8145916,-122.4085275
14:08:28,242.7,17.2,37.8146412,-122.4086573
14:08:29,243,17.3,37.8146934,-122.408785
14:08:30,243.3,17.4,37.8147455,-122.4089114
14:08:31,243.5,17.4,37.8147997,-122.4090377
14:08:32,243.7,17.5,37.81486,-122.4091611
14:08:33,244,17.6,37.8149197,-122.4092842
14:08:34,244.3,17.6,37.814975,-122.4094098
14:08:35,244.5,17.7,37.8150264,-122.4095357
14:08:36,244.7,17.7,37.8150797,-122.4096617
14:08:37,245,17.7,37.8151419,-122.4097864
14:08:38,245.3,17.8,37.8152068,-122.409915
14:08:39,245.6,17.8,37.8152702,-122.4100491
14:08:40,245.9,17.8,37.8153348,-122.4101885
14:08:41,246.1,17.8,37.815393,-122.4103351
14:08:42,246.4,17.8,37.8154593,-122.4104778
14:08:43,246.5,17.8,37.8155266,-122.4106196
14:08:44,246.6,17.7,37.8155919,-122.4107612
14:08:45,246.7,17.7,37.8156609,-122.4109013
14:08:46,246.8,17.7,37.8157403,-122.4110432
14:08:47,246.8,17.6,37.8158224,-122.4111914
14:08:48,246.7,17.6,37.8159043,-122.4113406
14:08:49,246.7,17.6,37.8159825,-122.411487
14:08:50,246.6,17.5,37.8160624,-122.4116275
14:08:51,246.5,17.5,37.8161417,-122.4117633
14:08:52,246.4,17.4,37.8162232,-122.4118962
14:08:53,246.4,17.4,37.8163027,-122.412028
14:08:54,246.3,17.4,37.816371,-122.4121645
14:08:55,246.2,17.3,37.8164304,-122.412304
14:08:56,246.2,17.3,37.8164895,-122.4124447
14:08:57,246.2,17.2,37.8165476,-122.412585
14:08:58,246.2,17.2,37.8166002,-122.4127238
14:08:59,246.2,17.1,37.8166561,-122.4128582
14:09:00,246.2,17.1,37.8167106,-122.4129914
14:09:01,246.2,17,37.8167631,-122.4131252
14:09:02,246.2,17,37.8168198,-122.4132617
14:09:03,246.2,17,37.8168798,-122.4133982
14:09:04,246.2,17,37.8169393,-122.4135326
14:09:05,246.3,17,37.8169986,-122.4136657
14:09:06,246.3,17,37.8170571,-122.4137972
14:09:07,246.3,17.1,37.8171174,-122.4139271
14:09:08,246.3,17.1,37.8171858,-122.4140533
14:09:09,246.3,17.2,37.8172506,-122.4141807
14:09:10,246.4,17.3,37.8173148,-122.4143092
14:09:11,246.4,17.3,37.8173806,-122.4144375
14:09:12,246.5,17.4,37.8174489,-122.4145641
14:09:13,246.6,17.5,37.8175153,-122.4146932
14:09:14,246.7,17.5,37.817584,-122.4148221
14:09:15,246.8,17.6,37.8176516,-122.4149511
14:09:16,246.9,17.7,37.8177162,-122.4150816
14:09:17,247.1,17.7,37.8177791,-122.4152118
14:09:18,247.3,17.8,37.8178425,-122.4153426
14:09:19,247.6,17.8,37.8179057,-122.4154732
14:09:20,247.8,17.9,37.8179756,-122.4156002
14:09:21,248.1,17.9,37.8180465,-122.415725
14:09:22,248.4,18,37.8181174,-122.415848
14:09:23,248.7,18.1,37.8181936,-122.4159664
14:09:24,249,18.1,37.8182695,-122.4160846
14:09:25,249.3,18.2,37.8183462,-122.4162014
14:09:26,249.5,18.3,37.8184236,-122.416314
14:09:27,249.8,18.3,37.8184908,-122.4164287
14:09:28,250,18.4,37.8185347,-122.4165411
14:09:29,250.1,18.4,37.8185513,-122.4166392
14:09:30,250.2,18.5,37.8185531,-122.4167224
14:09:31,250.4,18.5,37.8185425,-122.416786
14:09:32,250.6,18.5,37.8185203,-122.4168342
14:09:33,250.7,18.5,37.8184876,-122.4168764
14:09:34,250.9,18.5,37.8184449,-122.4169128
14:09:35,251,18.5,37.8183901,-122.416945
14:09:36,251.2,18.5,37.8183244,-122.4169732
14:09:37,251.4,18.5,37.8182485,-122.4170003
14:09:38,251.6,18.5,37.8181717,-122.4170367
14:09:39,251.7,18.5,37.8180883,-122.4170728
14:09:40,251.9,18.4,37.8179974,-122.4171062
14:09:41,252,18.4,37.817905,-122.4171453
14:09:42,252.2,18.4,37.8178092,-122.4171879
14:09:43,252.3,18.3,37.8177078,-122.4172289
14:09:44,252.3,18.3,37.8176028,-122.4172688
14:09:45,252.4,18.2,37.8174954,-122.4173095
14:09:46,252.4,18.2,37.8173921,-122.4173594
14:09:47,252.4,18.1,37.817291,-122.4174156
14:09:48,252.4,18.1,37.8171854,-122.4174654
14:09:49,252.3,18,37.8170815,-122.4175183
14:09:50,252.3,17.9,37.8169782,-122.4175725
14:09:51,252.2,17.9,37.8168687,-122.4176194
14:09:52,252.2,17.8,37.8167585,-122.4176682
14:09:53,252.1,17.7,37.8166542,-122.4177256
14:09:54,252.1,17.7,37.8165533,-122.4177895
14:09:55,252,17.7,37.8164503,-122.4178508
14:09:56,252,17.6,37.8163494,-122.4179174
14:09:57,251.9,17.6,37.8162435,-122.4179778
14:09:58,251.7,17.6,37.816129,-122.4180282
14:09:59,251.5,17.5,37.8160146,-122.4180819
14:10:00,251.4,17.5,37.8158972,-122.4181317
14:10:01,251.2,17.5,37.8157778,-122.4181819
14:10:02,251,17.5,37.815659,-122.4182374
14:10:03,250.9,17.5,37.815537,-122.4182907
14:10:04,250.8,17.5,37.8154107,-122.4183398
14:10:05,250.7,17.5,37.8152789,-122.4183819
14:10:06,250.6,17.6,37.8151412,-122.4184166
14:10:07,250.6,17.6,37.8150013,-122.418456
14:10:08,250.6,17.6,37.8148587,-122.4184984
14:10:09,250.6,17.7,37.8147125,-122.4185445
14:10:10,250.6,17.7,37.8145695,-122.4186034
14:10:11,250.6,17.8,37.8144399,-122.4186694
14:10:12,250.7,17.8,37.8143185,-122.4187306
14:10:13,250.7,17.9,37.8141957,-122.4187848
14:10:14,250.8,18,37.814072,-122.4188334
14:10:15,250.8,18,37.8139529,-122.4188845
14:10:16,250.7,18.1,37.8138368,-122.418934
14:10:17,250.5,18.2,37.8137343,-122.4189915
14:10:18,250.3,18.3,37.8136566,-122.4190597
14:10:19,250.1,18.3,37.8136038,-122.4191284
14:10:20,249.9,18.4,37.8135724,-122.4191911
14:10:21,249.7,18.5,37.8135607,-122.419248
14:10:22,249.5,18.6,37.8135649,-122.4193036
14:10:23,249.3,18.7,37.8135831,-122.4193601
14:10:24,249.2,18.7,37.8136104,-122.4194224
14:10:25,249.1,18.8,37.8136438,-122.4194899
14:10:26,249,18.9,37.8136807,-122.419565
14:10:27,249,19,37.8137255,-122.4196451
14:10:28,249,19,37.8137726,-122.4197336
14:10:29,249,19.1,37.8138266,-122.4198259
14:10:30,249.1,19.2,37.8138858,-122.4199226
14:10:31,249.1,19.3,37.8139508,-122.420023
14:10:32,249.2,19.3,37.8140213,-122.4201254
14:10:33,249.3,19.4,37.8140928,-122.4202314
14:10:34,249.3,19.4,37.8141617,-122.4203419
14:10:35,249.4,19.5,37.8142364,-122.4204502
14:10:36,249.4,19.5,37.8143163,-122.4205572
14:10:37,249.5,19.6,37.8143881,-122.4206715
14:10:38,249.5,19.7,37.8144547,-122.4207881
14:10:39,249.5,19.8,37.8145212,-122.4209056
14:10:40,249.5,19.9,37.814587,-122.421023
14:10:41,249.6,20,37.8146491,-122.4211413
14:10:42,249.6,20.1,37.8147129,-122.4212589
14:10:43,249.7,20.2,37.8147797,-122.4213771
14:10:44,249.8,20.3,37.8148483,-122.4214938
14:10:45,249.9,20.4,37.8149179,-122.4216096
14:10:46,250.2,20.5,37.8149921,-122.4217235
14:10:47,250.5,20.6,37.8150666,-122.4218383
14:10:48,250.8,20.6,37.8151392,-122.4219547
14:10:49,251.1,20.6,37.8152173,-122.4220685
14:10:50,251.4,20.6,37.8152906,-122.4221865
14:10:51,251.9,20.6,37.8153619,-122.4223079
14:10:52,252.3,20.5,37.815437,-122.4224298
14:10:53,252.6,20.4,37.8155167,-122.4225511
14:10:54,252.9,20.3,37.815596,-122.4226753
14:10:55,253.2,20.3,37.8156743,-122.4228024
14:10:56,253.3,20.2,37.8157609,-122.4229269
14:10:57,253.5,20.1,37.8158501,-122.423053
14:10:58,253.6,20,37.8159364,-122.4231827
14:10:59,253.6,19.9,37.8160219,-122.4233111
14:11:00,253.6,19.8,37.8161079,-122.4234387
14:11:01,253.5,19.7,37.8162016,-122.4235682
14:11:02,253.4,19.7,37.8162988,-122.4237055
14:11:03,253.3,19.6,37.8163942,-122.4238432
14:11:04,253.2,19.6,37.8164872,-122.4239776
14:11:05,253.1,19.6,37.8165736,-122.424114
14:11:06,253,19.6,37.8166618,-122.4242484
14:11:07,252.9,19.6,37.816748,-122.4243835
14:11:08,252.9,19.5,37.8168307,-122.4245185
14:11:09,252.8,19.5,37.8169171,-122.4246508
14:11:10,252.8,19.5,37.8170057,-122.4247788
14:11:11,252.8,19.5,37.8170895,-122.4249077
14:11:12,252.8,19.5,37.8171719,-122.4250374
14:11:13,252.9,19.5,37.8172513,-122.4251687
14:11:14,253,19.5,37.8173347,-122.4252966
14:11:15,253.2,19.5,37.8174153,-122.4254249
14:11:16,253.4,19.4,37.8174889,-122.4255594
14:11:17,253.7,19.4,37.8175681,-122.4256904
14:11:18,253.9,19.4,37.8176539,-122.4258167
14:11:19,254.2,19.4,37.8177397,-122.4259431
14:11:20,254.5,19.4,37.8178239,-122.4260713
14:11:21,254.8,19.4,37.8179066,-122.4262025
14:11:22,255.1,19.4,37.8179856,-122.4263373
14:11:23,255.3,19.4,37.8180644,-122.4264726
14:11:24,255.5,19.4,37.8181442,-122.4266071
14:11:25,255.8,19.4,37.8182215,-122.4267431
14:11:26,256,19.5,37.8182987,-122.4268786
14:11:27,256.2,19.5,37.8183785,-122.4270133
14:11:28,256.3,19.6,37.818456,-122.4271436
14:11:29,256.5,19.7,37.8185322,-122.4272719
14:11:30,256.6,19.8,37.8185901,-122.4274044
14:11:31,256.7,19.9,37.8186129,-122.427524
14:11:32,256.8,20,37.8186106,-122.4276206
14:11:33,256.9,20.1,37.8185935,-122.4276979
14:11:34,257,20.2,37.8185633,-122.427757
14:11:35,257.2,20.3,37.8185246,-122.4278034
14:11:36,257.3,20.4,37.8184773,-122.4278432
14:11:37,257.5,20.5,37.8184202,-122.4278759
14:11:38,257.6,20.6,37.8183496,-122.4279005
14:11:39,257.7,20.7,37.8182713,-122.4279311
14:11:40,257.8,20.8,37.8181884,-122.427965
14:11:41,257.9,20.9,37.8180993,-122.4279971
14:11:42,258,21,37.8180032,-122.4280267
14:11:43,258,21.1,37.8179033,-122.4280559
14:11:44,258,21.2,37.8178041,-122.4280921
14:11:45,258,21.2,37.8177035,-122.4281327
14:11:46,258,21.3,37.8176026,-122.4281755
14:11:47,257.9,21.3,37.8175011,-122.4282219
14:11:48,257.9,21.3,37.8173987,-122.4282734
14:11:49,257.9,21.3,37.8172902,-122.428318
14:11:50,257.8,21.3,37.8171801,-122.4283631
14:11:51,257.8,21.2,37.8170667,-122.4284075
14:11:52,257.7,21.2,37.8169497,-122.4284527
14:11:53,257.7,21.1,37.8168282,-122.4284919
14:11:54,257.7,21.1,37.8167063,-122.4285297
14:11:55,257.7,21,37.8165809,-122.4285624
14:11:56,257.7,20.9,37.8164542,-122.4285987
14:11:57,257.7,20.8,37.8163306,-122.4286432
14:11:58,257.7,20.7,37.8162053,-122.4286874
14:11:59,257.7,20.6,37.8160822,-122.428736
14:12:00,257.7,20.4,37.8159622,-122.4287887
14:12:01,257.7,20.3,37.8158427,-122.4288486
14:12:02,257.7,20.2,37.8157168,-122.4289065
14:12:03,257.6,20,37.8155847,-122.4289513
14:12:03,257.6,20,37.8155847,-122.4289513
14:12:04,257.5,19.9,37.8154537,-122.4289958
14:12:05,257.4,19.7,37.8153223,-122.4290406
14:12:06,257.3,19.5,37.8151925,-122.4290905
14:12:07,257.2,19.3,37.8150621,-122.4291414
14:12:08,257.1,19.1,37.814928,-122.4291891
14:12:09,257,18.9,37.8147935,-122.4292337
14:12:10,256.9,18.8,37.81466,-122.4292825
14:12:11,256.7,18.6,37.8145269,-122.4293342
14:12:12,256.6,18.5,37.8143961,-122.4293905
14:12:13,256.5,18.4,37.8142576,-122.4294424
14:12:14,256.3,18.3,37.8141151,-122.4294923
14:12:15,256,18.2,37.8139761,-122.4295438
14:12:16,255.7,18.2,37.8138388,-122.4295947
14:12:17,255.4,18.1,37.8137061,-122.4296507
14:12:18,255.1,18.1,37.8135744,-122.4297032
14:12:19,254.8,18.2,37.8134453,-122.4297549
14:12:20,254.5,18.2,37.8133137,-122.4297991
14:12:21,254.2,18.3,37.8131806,-122.4298461
14:12:22,253.9,18.3,37.8130496,-122.4298984
14:12:23,253.7,18.4,37.8129171,-122.4299459
14:12:24,253.4,18.4,37.8127828,-122.4299921
14:12:25,253.2,18.5,37.8126522,-122.4300438
14:12:26,252.9,18.5,37.8125295,-122.4301068
14:12:27,252.7,18.6,37.8124043,-122.4301642
14:12:28,252.5,18.6,37.8122768,-122.4302203
14:12:29,252.2,18.6,37.8121534,-122.4302811
14:12:30,252.1,18.7,37.8120297,-122.4303403
14:12:31,251.9,18.7,37.8119029,-122.4303975
14:12:32,251.7,18.7,37.811769,-122.4304468
14:12:33,251.5,18.7,37.8116288,-122.4304945
14:12:34,251.3,18.7,37.8114884,-122.4305514
14:12:35,251.1,18.7,37.8113693,-122.4306326
14:12:36,251,18.7,37.8112852,-122.4307292
14:12:37,250.8,18.8,37.8112284,-122.4308254
14:12:38,250.7,18.8,37.811195,-122.4309165
14:12:39,250.6,18.7,37.8111799,-122.4310011
14:12:40,250.6,18.7,37.8111843,-122.4310792
14:12:41,250.6,18.7,37.8112071,-122.4311536
14:12:42,250.6,18.7,37.81124,-122.4312274
14:12:43,250.6,18.7,37.8112796,-122.4313015
14:12:44,250.6,18.7,37.8113231,-122.4313794
14:12:45,250.7,18.7,37.8113694,-122.4314617
14:12:46,250.7,18.7,37.8114251,-122.4315424
14:12:47,250.8,18.6,37.8114888,-122.4316248
14:12:48,250.8,18.6,37.8115536,-122.4317115
14:12:49,250.9,18.6,37.8116147,-122.4318066
14:12:50,250.9,18.5,37.8116791,-122.431905
14:12:51,250.9,18.5,37.811748,-122.4320073
14:12:52,250.9,18.4,37.8118187,-122.4321136
14:12:53,251,18.4,37.8118865,-122.4322242
14:12:54,251,18.3,37.8119534,-122.4323399
14:12:55,251,18.2,37.8120254,-122.4324576
14:12:56,250.9,18.2,37.8121011,-122.4325769
14:12:57,250.9,18.1,37.8121743,-122.4326998
14:12:58,250.9,18.1,37.8122456,-122.4328262
14:12:59,250.9,18,37.8123139,-122.4329553
14:13:00,250.9,18,37.8123856,-122.4330819
14:13:01,250.9,18,37.8124619,-122.4332043
14:13:02,250.9,18,37.8125404,-122.4333226
14:13:03,250.9,18,37.8126193,-122.4334424
14:13:04,251,18,37.8126971,-122.433564
14:13:05,251.1,18,37.8127705,-122.433689
14:13:06,251.2,18.1,37.8128457,-122.433815
14:13:07,251.3,18.1,37.8129277,-122.4339379
14:13:08,251.5,18.2,37.8130039,-122.4340644
14:13:09,251.7,18.2,37.8130792,-122.4341914
14:13:10,252,18.3,37.8131625,-122.434315
14:13:11,252.2,18.3,37.8132438,-122.4344393
14:13:12,252.5,18.4,37.8133187,-122.4345669
14:13:13,252.8,18.5,37.813393,-122.4346941
14:13:14,253.2,18.5,37.8134689,-122.4348201
14:13:15,253.4,18.6,37.8135469,-122.4349468
14:13:16,253.7,18.6,37.8136287,-122.435071
14:13:17,253.9,18.6,37.8137061,-122.4351954
14:13:18,254.2,18.6,37.8137775,-122.4353238
14:13:19,254.5,18.7,37.8138514,-122.4354504
14:13:20,254.7,18.7,37.8139288,-122.4355754
14:13:21,254.9,18.7,37.8140014,-122.4357046
14:13:22,255,18.7,37.8140705,-122.4358352
14:13:23,255.1,18.7,37.8141468,-122.4359613
14:13:24,255.2,18.7,37.81423,-122.4360821
14:13:25,255.2,18.7,37.8143099,-122.4362047
14:13:26,255.2,18.7,37.8143873,-122.4363303
14:13:27,255.2,18.8,37.8144626,-122.43646
14:13:28,255.1,18.8,37.8145383,-122.4365898
14:13:29,255,18.8,37.8146212,-122.4367136
14:13:30,255,18.8,37.814707,-122.4368365
14:13:31,254.9,18.8,37.8147887,-122.436962
14:13:32,254.8,18.8,37.8148679,-122.4370887
14:13:33,254.8,18.8,37.8149485,-122.4372146
14:13:34,254.7,18.8,37.8150366,-122.4373364
14:13:35,254.7,18.7,37.8151212,-122.4374624
14:13:36,254.7,18.7,37.8152037,-122.4375911
14:13:37,254.7,18.7,37.8152863,-122.4377208
14:13:38,254.7,18.6,37.815373,-122.4378482
14:13:39,254.7,18.6,37.8154655,-122.437972
14:13:40,254.7,18.6,37.815557,-122.4380947
14:13:41,254.7,18.6,37.8156415,-122.4382202
14:13:42,254.7,18.5,37.8157272,-122.4383438
14:13:43,254.8,18.5,37.8158109,-122.4384687
14:13:44,254.8,18.5,37.8158901,-122.4385959
14:13:45,254.8,18.5,37.8159677,-122.4387251
14:13:46,254.8,18.5,37.8160493,-122.4388477
14:13:47,254.8,18.5,37.8161301,-122.4389652
14:13:48,254.8,18.5,37.8161942,-122.4390869
14:13:49,254.8,18.5,37.8162233,-122.439204
14:13:50,254.8,18.5,37.8162248,-122.4393029
14:13:51,254.8,18.5,37.8162095,-122.4393855
14:13:52,254.9,18.6,37.8161762,-122.4394514
14:13:53,255,18.6,37.8161351,-122.439511
14:13:54,255.1,18.6,37.8160912,-122.4395694
14:13:55,255.2,18.6,37.8160433,-122.4396277
14:13:56,255.3,18.6,37.8159904,-122.4396841
14:13:57,255.4,18.6,37.8159289,-122.439736
14:13:58,255.6,18.6,37.8158587,-122.4397842
14:13:59,255.9,18.6,37.8157841,-122.4398341
14:14:00,256.1,18.6,37.815706,-122.439887
14:14:01,256.4,18.6,37.8156217,-122.4399358
14:14:02,256.6,18.5,37.8155321,-122.4399839
14:14:03,256.8,18.5,37.8154378,-122.4400325
14:14:04,257,18.5,37.8153407,-122.4400846
14:14:05,257.1,18.4,37.8152456,-122.4401424
14:14:06,257.2,18.4,37.8151496,-122.4402039
14:14:07,257.3,18.3,37.8150501,-122.440263
14:14:08,257.3,18.2,37.8149458,-122.4403185
14:14:09,257.3,18.1,37.8148413,-122.4403761
14:14:10,257.3,18.1,37.8147398,-122.4404382
14:14:11,257.2,18,37.8146371,-122.4405014
14:14:12,257.2,17.9,37.8145331,-122.4405641
14:14:13,257.1,17.8,37.8144248,-122.4406252
14:14:14,257,17.8,37.8143159,-122.4406872
14:14:15,257,17.7,37.8142081,-122.4407508
14:14:16,256.9,17.6,37.8140951,-122.4408139
14:14:17,256.8,17.6,37.8139797,-122.4408764
14:14:18,256.8,17.5,37.813861,-122.4409364
14:14:19,256.8,17.5,37.813743,-122.4410018
14:14:20,256.9,17.4,37.8136226,-122.4410643
14:14:21,256.9,17.4,37.8135007,-122.4411281
14:14:22,257.1,17.4,37.8133774,-122.4411927
14:14:23,257.2,17.3,37.8132574,-122.4412624
14:14:24,257.3,17.3,37.813135,-122.4413325
14:14:25,257.4,17.3,37.813012,-122.4414065
14:14:26,257.6,17.3,37.8128904,-122.4414851
14:14:27,257.6,17.2,37.8127625,-122.4415576
14:14:28,257.5,17.2,37.8126331,-122.4416306
14:14:29,257.5,17.2,37.8125085,-122.441708
14:14:30,257.4,17.2,37.8123784,-122.4417776
14:14:31,257.3,17.2,37.8122462,-122.4418446
14:14:32,257.1,17.2,37.8121191,-122.441918
14:14:33,256.8,17.3,37.8119985,-122.442
14:14:34,256.6,17.3,37.8118773,-122.4420795
14:14:35,256.4,17.4,37.8117506,-122.4421496
14:14:36,256.1,17.4,37.8116224,-122.4422156
14:14:37,255.8,17.5,37.8114997,-122.4422893
14:14:38,255.4,17.6,37.8113799,-122.4423639
14:14:39,255.1,17.7,37.811259,-122.4424388
14:14:40,254.9,17.8,37.811136,-122.4425113
14:14:41,254.7,17.9,37.8110154,-122.4425843
14:14:42,254.5,18,37.8108939,-122.4426489
14:14:43,254.4,18.1,37.8107683,-122.4427102
14:14:44,254.3,18.2,37.810651,-122.4427822
14:14:45,254.3,18.3,37.8105579,-122.4428688
14:14:46,254.3,18.4,37.8104979,-122.4429591
14:14:47,254.3,18.4,37.8104622,-122.4430417
14:14:48,254.4,18.5,37.8104409,-122.443117
14:14:49,254.5,18.5,37.8104339,-122.4431868
14:14:50,254.6,18.6,37.8104385,-122.4432511
14:14:51,254.7,18.6,37.8104574,-122.4433126
14:14:52,254.7,18.7,37.8104892,-122.4433759
14:14:53,254.8,18.7,37.8105367,-122.4434383
14:14:54,254.9,18.7,37.8105954,-122.4435085
14:14:55,254.9,18.7,37.8106573,-122.4435883
14:14:56,255,18.7,37.8107194,-122.4436748
14:14:57,255,18.7,37.8107786,-122.4437692
14:14:58,255,18.7,37.8108418,-122.4438623
14:14:59,255,18.7,37.8109091,-122.4439592
14:15:00,254.9,18.7,37.8109776,-122.4440587
14:15:01,254.9,18.7,37.8110453,-122.4441586
14:15:02,254.9,18.7,37.8111175,-122.4442575
14:15:03,254.9,18.7,37.811193,-122.4443572
14:15:04,254.8,18.6,37.8112668,-122.4444592
14:15:05,254.8,18.6,37.8113394,-122.444565
14:15:06,254.8,18.6,37.8114167,-122.4446684
14:15:07,254.8,18.6,37.8114953,-122.444773
14:15:08,254.8,18.6,37.8115756,-122.4448786
14:15:09,254.7,18.6,37.8116504,-122.4449894
14:15:10,254.7,18.7,37.8117281,-122.4450992
14:15:11,254.8,18.7,37.8118061,-122.4452098
14:15:12,254.8,18.8,37.8118778,-122.4453263
14:15:13,254.8,18.8,37.8119543,-122.4454409
14:15:14,254.8,18.9,37.8120335,-122.4455558
14:15:15,254.8,19,37.8121107,-122.4456711
14:15:16,254.8,19.1,37.8121855,-122.4457888
14:15:17,254.8,19.2,37.8122652,-122.4459054
14:15:18,254.8,19.3,37.8123506,-122.4460193
14:15:19,254.8,19.4,37.8124326,-122.4461352
14:15:20,254.8,19.5,37.8125151,-122.4462508
14:15:21,254.9,19.6,37.8125953,-122.4463684
14:15:22,255,19.6,37.8126735,-122.4464885
14:15:23,255.1,19.7,37.8127546,-122.4466077
14:15:24,255.3,19.8,37.8128377,-122.4467278
14:15:25,255.4,19.8,37.8129195,-122.4468498
14:15:26,255.7,19.9,37.8129986,-122.4469755
14:15:27,255.9,19.9,37.8130812,-122.4471012
14:15:28,256.2,19.9,37.8131735,-122.4472177
14:15:29,256.4,20,37.8132716,-122.4473305
14:15:30,256.6,20,37.8133656,-122.4474459
14:15:31,256.8,20,37.8134547,-122.4475656
14:15:32,257,20,37.8135371,-122.4476909
14:15:33,257.1,20,37.8136232,-122.4478134
14:15:34,257.2,20,37.8137153,-122.4479318
14:15:35,257.2,20,37.8138079,-122.44805
14:15:36,257.2,20,37.8139007,-122.4481674
14:15:37,257.2,20,37.8139948,-122.4482843
14:15:38,257.3,20,37.8140881,-122.4484021
14:15:39,257.3,19.9,37.8141778,-122.4485233
14:15:40,257.4,19.9,37.8142637,-122.4486471
14:15:41,257.5,19.9,37.8143487,-122.4487718
14:15:42,257.7,19.9,37.8144352,-122.4488973
14:15:43,257.9,19.8,37.814526,-122.4490197
14:15:44,258.1,19.8,37.8146162,-122.4491422
14:15:45,258.4,19.8,37.8147066,-122.4492648
14:15:46,258.7,19.8,37.8147978,-122.4493872
14:15:47,259,19.8,37.8148935,-122.4495067
14:15:48,259.4,19.8,37.8149877,-122.4496276
14:15:49,259.7,19.8,37.8150829,-122.4497479
14:15:50,260,19.9,37.815175,-122.4498727
14:15:51,260.2,19.9,37.8152701,-122.4499974
14:15:52,260.4,20,37.815368,-122.4501221
14:15:53,260.5,20,37.8154619,-122.4502488
14:15:54,260.6,20.1,37.8155531,-122.4503775
14:15:55,260.8,20.2,37.8156411,-122.450505
14:15:56,260.9,20.3,37.8157296,-122.4506293
14:15:57,261,20.3,37.8158274,-122.4507511
14:15:58,261,20.3,37.8159268,-122.4508813
14:15:59,261.1,20.4,37.8160221,-122.4510219
14:16:00,261.3,20.4,37.8161228,-122.4511579
14:16:01,261.5,20.4,37.8162174,-122.4512921
14:16:02,261.6,20.3,37.8163075,-122.4514229
14:16:03,261.9,20.3,37.8163967,-122.4515474
14:16:04,262.1,20.3,37.8164864,-122.4516679
14:16:05,262.4,20.3,37.8165759,-122.4517864
14:16:06,262.6,20.2,37.8166663,-122.4519002
14:16:07,262.9,20.2,37.8167532,-122.452014
14:16:08,263.2,20.2,37.8168399,-122.452125
14:16:09,263.4,20.2,37.8169202,-122.4522373
14:16:10,263.7,20.2,37.8169975,-122.4523484
14:16:11,263.9,20.2,37.8170749,-122.4524578
14:16:12,264.1,20.3,37.8171518,-122.4525666
14:16:13,264.2,20.3,37.8172273,-122.4526741
14:16:14,264.3,20.4,37.817307,-122.4527814
14:16:15,264.5,20.4,37.817389,-122.4528872
14:16:16,264.6,20.5,37.8174764,-122.4529874
14:16:17,264.7,20.5,37.8175647,-122.4530867
14:16:18,264.9,20.6,37.8176556,-122.4531813
14:16:19,265,20.6,37.8177467,-122.4532728
14:16:20,265.2,20.7,37.817835,-122.453363
14:16:21,265.3,20.7,37.8179255,-122.4534483
14:16:22,265.4,20.7,37.8180163,-122.4535319
14:16:23,265.5,20.7,37.8181088,-122.4536129
14:16:24,265.6,20.7,37.818201,-122.4536908
14:16:25,265.7,20.7,37.8182938,-122.4537649
14:16:26,265.7,20.7,37.8183896,-122.4538323
14:16:27,265.8,20.7,37.8184794,-122.4539023
14:16:28,265.8,20.7,37.8185558,-122.4539756
14:16:29,265.7,20.6,37.8186084,-122.4540511
14:16:30,265.7,20.6,37.818642,-122.4541225
14:16:31,265.7,20.6,37.8186585,-122.4541845
14:16:32,265.6,20.5,37.8186601,-122.4542402
14:16:33,265.6,20.5,37.8186501,-122.454293
14:16:34,265.6,20.5,37.818629,-122.4543466
14:16:35,265.5,20.5,37.8185948,-122.454401
14:16:36,265.4,20.4,37.8185497,-122.4544553
14:16:37,265.4,20.4,37.8184997,-122.4545132
14:16:38,265.3,20.3,37.8184475,-122.4545783
14:16:39,265.2,20.3,37.8183938,-122.4546488
14:16:40,265.1,20.2,37.8183397,-122.4547253
14:16:41,265,20.2,37.8182868,-122.4548049
14:16:42,265,20.1,37.8182336,-122.4548891
14:16:43,264.9,20,37.8181801,-122.4549771
14:16:44,264.9,19.9,37.8181214,-122.4550647
14:16:45,264.9,19.9,37.8180634,-122.4551548
14:16:46,264.9,19.8,37.8180055,-122.4552463
14:16:47,264.9,19.7,37.8179382,-122.4553364
14:16:48,264.9,19.6,37.8178716,-122.4554283
14:16:49,264.9,19.5,37.8178083,-122.4555227
14:16:50,264.8,19.5,37.8177441,-122.4556184
14:16:51,264.7,19.4,37.8176748,-122.455714
14:16:52,264.6,19.4,37.817607,-122.4558119
14:16:53,264.4,19.3,37.817542,-122.4559115
14:16:54,264.2,19.3,37.8174769,-122.4560116
14:16:55,263.9,19.3,37.8174129,-122.4561132
14:16:56,263.7,19.3,37.8173443,-122.4562131
14:16:57,263.4,19.3,37.8172755,-122.4563163
14:16:58,263.2,19.3,37.8172099,-122.4564234
14:16:59,263,19.3,37.8171444,-122.4565313
14:17:00,262.8,19.3,37.8170773,-122.4566418
14:17:01,262.7,19.3,37.8170117,-122.4567538
14:17:02,262.6,19.3,37.8169492,-122.4568674
14:17:03,262.5,19.3,37.8168831,-122.4569805
14:17:04,262.5,19.3,37.8168113,-122.4570922
14:17:05,262.5,19.4,37.8167361,-122.4572009
14:17:06,262.6,19.4,37.816659,-122.457306
14:17:07,262.6,19.5,37.8165805,-122.4574087
14:17:08,262.7,19.5,37.8165036,-122.4575142
14:17:09,262.8,19.5,37.8164275,-122.457618
14:17:10,262.8,19.6,37.8163565,-122.4577245
14:17:11,262.9,19.6,37.8162902,-122.4578337
14:17:12,263,19.6,37.8162208,-122.4579411
14:17:13,263,19.6,37.8161554,-122.4580499
14:17:14,263,19.6,37.8160929,-122.4581597
14:17:15,263.1,19.6,37.81603,-122.4582689
14:17:16,263.1,19.6,37.815961,-122.4583755
14:17:17,263.1,19.6,37.815891,-122.4584804
14:17:18,263.1,19.5,37.8158188,-122.4585828
14:17:19,263,19.5,37.81575,-122.4586861
14:17:20,263.1,19.5,37.8156857,-122.4587908
14:17:21,263.2,19.4,37.8156235,-122.4588949
14:17:22,263.3,19.4,37.8155593,-122.4589964
14:17:23,263.4,19.4,37.8154945,-122.459097
14:17:24,263.5,19.3,37.8154279,-122.459195
14:17:25,263.7,19.3,37.8153581,-122.4592917
14:17:26,264,19.2,37.8152918,-122.4593878
14:17:27,264.2,19.2,37.8152288,-122.4594863
14:17:28,264.4,19.1,37.8151658,-122.4595813
14:17:29,264.6,19.1,37.8151028,-122.4596754
14:17:30,264.8,19,37.8150348,-122.4597683
14:17:31,264.9,18.9,37.8149674,-122.4598589
14:17:32,265.1,18.9,37.814901,-122.4599507
14:17:33,265.1,18.8,37.8148344,-122.4600419
14:17:34,265.2,18.8,37.8147648,-122.4601317
14:17:35,265.2,18.8,37.8146926,-122.4602221
14:17:36,265.2,18.8,37.8146218,-122.4603142
14:17:37,265.2,18.8,37.8145483,-122.460407
14:17:38,265.2,18.8,37.814472,-122.4604961
14:17:39,265.2,18.8,37.8143983,-122.4605872
14:17:40,265.2,18.8,37.814333,-122.460683
14:17:41,265.2,18.7,37.814269,-122.460781
14:17:42,265.2,18.7,37.8142005,-122.4608765
14:17:43,265.2,18.7,37.8141296,-122.4609677
14:17:44,265.3,18.7,37.8140608,-122.4610599
14:17:45,265.3,18.6,37.8139946,-122.4611544
14:17:46,265.3,18.6,37.8139272,-122.4612498
14:17:47,265.3,18.6,37.8138619,-122.4613456
14:17:48,265.3,18.5,37.8138036,-122.4614457
14:17:49,265.3,18.5,37.8137453,-122.4615461
14:17:50,265.3,18.5,37.8136842,-122.4616419
14:17:51,265.3,18.5,37.8136251,-122.4617389
14:17:52,265.3,18.5,37.8135685,-122.4618353
14:17:53,265.3,18.5,37.8135131,-122.461931
14:17:54,265.3,18.5,37.8134576,-122.4620269
14:17:55,265.3,18.5,37.8134027,-122.4621217
14:17:56,265.3,18.6,37.8133466,-122.4622155
14:17:57,265.3,18.6,37.8132893,-122.4623138
14:17:58,265.3,18.6,37.8132319,-122.4624112
14:17:59,265.3,18.7,37.8131681,-122.4625104
14:18:00,265.3,18.7,37.8130943,-122.4626126
14:18:01,265.3,18.7,37.8130048,-122.4627077
14:18:02,265.3,18.8,37.8128929,-122.462794
14:18:03,265.3,18.8,37.812756,-122.4628622
14:18:04,265.3,18.8,37.8125947,-122.4628963
14:18:05,265.4,18.8,37.8124151,-122.4628904
14:18:06,265.5,18.8,37.8122287,-122.4628354
14:18:07,265.6,18.8,37.8120428,-122.462724
14:18:08,265.8,18.8,37.8118726,-122.4625724
14:18:09,266,18.8,37.8117305,-122.4624177
14:18:10,266.3,18.8,37.8116118,-122.4622418
14:18:11,266.5,18.8,37.8115158,-122.4620413
14:18:12,266.8,18.8,37.8114387,-122.4618354
14:18:13,267,18.8,37.8113777,-122.4616295
14:18:14,267.3,18.9,37.8113193,-122.4614323
14:18:15,267.6,18.9,37.8112613,-122.4612427
14:18:16,267.8,18.9,37.8112023,-122.4610558
14:18:17,268,18.9,37.8111382,-122.4608726
14:18:18,268.3,18.9,37.8110698,-122.4606906
14:18:19,268.5,19,37.8109902,-122.460517
14:18:20,268.7,19,37.8109047,-122.4603487
14:18:21,268.9,19,37.8108172,-122.4601809
14:18:22,269.1,19.1,37.8107289,-122.4600112
14:18:23,269.2,19.1,37.8106327,-122.4598424
14:18:24,269.3,19.1,37.8105491,-122.4596617
14:18:25,269.3,19.2,37.8104649,-122.4594809
14:18:26,269.4,19.2,37.8103693,-122.4593063
14:18:27,269.3,19.3,37.8102943,-122.4591133
14:18:28,269.3,19.4,37.8102388,-122.4589131
14:18:29,269.3,19.4,37.8102082,-122.4587126
14:18:30,269.2,19.5,37.8101947,-122.4585197
14:18:31,269.1,19.6,37.8102075,-122.4583411
14:18:32,269.1,19.6,37.8102519,-122.4581811
14:18:33,269.1,19.7,37.8102956,-122.4580296
14:18:34,269.1,19.7,37.8103478,-122.4578909
14:18:35,269.2,19.8,37.8104101,-122.4577612
14:18:36,269.3,19.8,37.8104693,-122.4576288
14:18:37,269.4,19.8,37.8105317,-122.4574977
14:18:38,269.5,19.9,37.8105956,-122.457369
14:18:39,269.6,19.9,37.8106532,-122.4572383
14:18:40,269.8,19.9,37.8107066,-122.4571067
14:18:41,270.1,19.9,37.8107729,-122.4569845
14:18:42,270.2,19.9,37.8108569,-122.456877
14:18:43,270.5,19.9,37.8109534,-122.4567742
14:18:44,270.8,19.8,37.8110474,-122.4566499
14:18:45,271,19.8,37.8111309,-122.456504
14:18:46,271.3,19.8,37.811209,-122.4563455
14:18:47,271.6,19.8,37.8113036,-122.4561926
14:18:48,271.9,19.7,37.8113994,-122.4560248
14:18:49,272.2,19.7,37.8114943,-122.4558443
14:18:50,272.5,19.7,37.8115652,-122.4556382
14:18:51,272.8,19.7,37.8116222,-122.4554257
14:18:52,273.2,19.6,37.8116828,-122.4552116
14:18:53,273.5,19.6,37.8117673,-122.4550125
14:18:54,273.8,19.6,37.8118581,-122.4548162
14:18:55,274.1,19.5,37.8119516,-122.4546189
14:18:56,274.3,19.5,37.8120578,-122.4544297
14:18:57,274.4,19.5,37.8121546,-122.4542328
14:18:58,274.6,19.5,37.8122555,-122.4540389
14:18:59,274.6,19.4,37.8123677,-122.4538538
14:19:00,274.7,19.4,37.8124937,-122.4536795
14:19:01,274.7,19.3,37.81261,-122.4534899
14:19:02,274.6,19.3,37.8127167,-122.4532893
14:19:03,274.4,19.3,37.8128033,-122.4530709
14:19:04,274.2,19.2,37.8128755,-122.4528466
14:19:05,274,19.2,37.8129309,-122.4526168
14:19:06,273.6,19.1,37.8129775,-122.4523891
14:19:07,273.2,19.1,37.8130332,-122.4521665
14:19:08,272.8,19,37.8131139,-122.4519603
14:19:09,272.4,19,37.8132111,-122.4517724
14:19:10,272.1,18.9,37.8133049,-122.4515827
14:19:11,271.8,18.9,37.8133986,-122.4513893
14:19:12,271.6,18.8,37.8134811,-122.451186
14:19:13,271.4,18.8,37.813555,-122.4509756
14:19:14,271.3,18.7,37.8136338,-122.4507689
14:19:15,271.1,18.6,37.8137282,-122.450574
14:19:16,271,18.6,37.8138287,-122.450382
14:19:17,271,18.5,37.8139258,-122.450188
14:19:18,270.9,18.4,37.8140194,-122.4499925
14:19:19,270.9,18.4,37.8141049,-122.4497923
14:19:20,270.9,18.3,37.814183,-122.4495887
14:19:21,270.9,18.2,37.8142596,-122.4493859
14:19:22,270.9,18.2,37.814345,-122.4491876
14:19:23,270.8,18.1,37.8144405,-122.4489957
14:19:24,270.6,18.1,37.8145355,-122.4488021
14:19:25,270.5,18.1,37.8146367,-122.4486166
14:19:26,270.3,18,37.8147332,-122.4484257
14:19:27,270.1,18,37.8148292,-122.4482303
14:19:28,269.8,18,37.8149233,-122.4480344
14:19:29,269.5,17.9,37.8150057,-122.4478338
14:19:30,269.2,17.9,37.8150806,-122.44763
14:19:31,268.9,17.9,37.8151609,-122.4474336
14:19:32,268.6,17.8,37.8152503,-122.4472469
14:19:33,268.2,17.8,37.815349,-122.4470677
14:19:34,267.9,17.7,37.8154622,-122.4468997
14:19:35,267.6,17.7,37.815574,-122.4467284
14:19:36,267.4,17.6,37.8156772,-122.4465492
14:19:37,267.1,17.6,37.8157786,-122.446368
14:19:38,266.8,17.5,37.8158753,-122.4461798
14:19:39,266.6,17.5,37.81596,-122.445979
14:19:40,266.4,17.5,37.8160364,-122.4457779
14:19:41,266.1,17.5,37.8160902,-122.4455825
14:19:42,266,17.5,37.8161317,-122.4454007
14:19:43,265.7,17.5,37.8161578,-122.4452291
14:19:44,265.4,17.5,37.8161456,-122.4450749
14:19:45,265.2,17.5,37.8161176,-122.4449351
14:19:46,265,17.6,37.8160721,-122.4448072
14:19:47,264.9,17.6,37.8160252,-122.4446881
14:19:48,264.8,17.7,37.8159745,-122.444572
14:19:49,264.7,17.7,37.8159136,-122.4444631
14:19:50,264.6,17.8,37.8158463,-122.4443585
14:19:51,264.6,17.9,37.815773,-122.4442539
14:19:52,264.6,18,37.8156992,-122.4441386
14:19:53,264.6,18.1,37.8156266,-122.4440146
14:19:54,264.5,18.1,37.8155631,-122.443877
14:19:55,264.5,18.2,37.8155047,-122.4437311
14:19:56,264.4,18.2,37.8154462,-122.4435808
14:19:57,264.4,18.3,37.8153827,-122.443428
14:19:58,264.3,18.3,37.8153092,-122.4432776
14:19:59,264.3,18.3,37.8152225,-122.4431293
14:20:00,264.2,18.3,37.8151247,-122.4429752
14:20:01,264.1,18.3,37.8150291,-122.4428009
14:20:02,263.9,18.3,37.8149594,-122.4425958
14:20:03,263.7,18.3,37.8149061,-122.4423777
14:20:04,263.5,18.2,37.8148659,-122.4421573
14:20:05,263.2,18.2,37.8148175,-122.4419354
14:20:06,262.8,18.1,37.8147522,-122.441718
14:20:07,262.5,18,37.8146845,-122.4414955
14:20:08,262.2,18,37.8146165,-122.4412721
14:20:09,261.9,17.9,37.8145559,-122.4410448
14:20:10,261.6,17.9,37.8145051,-122.4408131
14:20:11,261.4,17.8,37.814466,-122.4405792
14:20:12,261.2,17.8,37.814417,-122.4403519
14:20:13,261.1,17.7,37.8143575,-122.4401284
14:20:14,261,17.7,37.8142969,-122.4399068
14:20:15,261,17.7,37.8142378,-122.439686
14:20:16,261,17.7,37.8141845,-122.4394646
14:20:17,261.1,17.6,37.8141384,-122.4392438
14:20:18,261.2,17.6,37.8140814,-122.4390276
14:20:19,261.3,17.6,37.8140233,-122.4388105
14:20:20,261.4,17.6,37.8139628,-122.4385912
14:20:21,261.5,17.6,37.8139086,-122.4383699
14:20:22,261.6,17.6,37.8138627,-122.4381462
14:20:23,261.6,17.6,37.8138087,-122.4379244
14:20:24,261.7,17.6,37.8137511,-122.4377026
14:20:25,261.7,17.6,37.8136918,-122.4374797
14:20:26,261.8,17.6,37.8136301,-122.4372554
14:20:27,261.8,17.7,37.8135744,-122.4370299
14:20:28,261.8,17.7,37.8135201,-122.4368043
14:20:29,261.7,17.7,37.8134608,-122.4365795
14:20:30,261.7,17.7,37.8134024,-122.4363527
14:20:31,261.7,17.7,37.8133451,-122.4361227
14:20:32,261.7,17.7,37.813294,-122.4358892
14:20:33,261.6,17.7,37.8132418,-122.4356539
14:20:34,261.6,17.7,37.8131946,-122.4354188
14:20:35,261.6,17.7,37.813152,-122.4351836
14:20:36,261.6,17.6,37.813099,-122.4349523
14:20:37,261.5,17.6,37.8130504,-122.4347195
14:20:38,261.5,17.6,37.8130011,-122.4344878
14:20:39,261.5,17.7,37.8129454,-122.4342571
14:20:40,261.5,17.7,37.8128924,-122.4340236
14:20:41,261.5,17.7,37.8128372,-122.4337905
14:20:42,261.5,17.7,37.8127881,-122.4335573
14:20:43,261.5,17.8,37.8127386,-122.4333239
14:20:44,261.6,17.8,37.8126896,-122.4330897
14:20:45,261.6,17.9,37.8126429,-122.4328545
14:20:46,261.6,17.9,37.8125978,-122.4326209
14:20:47,261.6,17.9,37.8125461,-122.4323898
14:20:48,261.6,18,37.8125019,-122.4321589
14:20:49,261.6,18,37.8124523,-122.4319301
14:20:50,261.6,18,37.8123994,-122.4317036
14:20:51,261.6,18.1,37.8123523,-122.4314757
14:20:52,261.6,18.1,37.8123012,-122.4312505
14:20:53,261.6,18.1,37.812258,-122.4310234
14:20:54,261.6,18.1,37.8122143,-122.4307949
14:20:55,261.6,18.1,37.8121691,-122.4305654
14:20:56,261.6,18.1,37.8121265,-122.4303352
14:20:57,261.7,18.2,37.8120927,-122.4301036
14:20:58,261.9,18.2,37.8120619,-122.4298743
14:20:59,262.1,18.2,37.8120181,-122.4296493
14:21:00,262.3,18.2,37.8119723,-122.4294253
14:21:01,262.5,18.2,37.8119345,-122.4292013
14:21:02,262.7,18.2,37.811899,-122.428978
14:21:03,262.9,18.2,37.8118613,-122.4287545
14:21:04,263.1,18.2,37.8118318,-122.4285282
14:21:05,263.2,18.3,37.8118151,-122.4283038
14:21:06,263.3,18.3,37.8118094,-122.4280817
14:21:07,263.4,18.3,37.8118194,-122.4278666
14:21:08,263.4,18.3,37.8118497,-122.4276636
14:21:09,263.4,18.3,37.8119055,-122.427483
14:21:10,263.3,18.4,37.8119769,-122.4273222
14:21:11,263,18.4,37.8120601,-122.427174
14:21:12,262.8,18.4,37.8121508,-122.4270315
14:21:13,262.5,18.4,37.8122347,-122.4268795
14:21:14,262.1,18.4,37.812331,-122.4267359
14:21:15,261.8,18.5,37.8124307,-122.4265915
14:21:16,261.4,18.5,37.8125329,-122.4264475
14:21:17,261.1,18.5,37.812642,-122.4263097
14:21:18,260.8,18.5,37.8127535,-122.4261676
14:21:19,260.6,18.5,37.8128654,-122.426017
14:21:20,260.3,18.5,37.8129708,-122.4258523
14:21:21,260.1,18.5,37.8130692,-122.4256786
14:21:22,259.9,18.5,37.8131666,-122.425508
14:21:23,259.7,18.5,37.8132619,-122.4253317
14:21:24,259.5,18.6,37.813356,-122.4251527
14:21:25,259.3,18.6,37.8134477,-122.4249704
14:21:26,259.1,18.6,37.8135287,-122.4247779
14:21:27,258.8,18.6,37.8136122,-122.4245861
14:21:28,258.5,18.6,37.8137131,-122.4244058
14:21:29,258.3,18.7,37.8138166,-122.424224
14:21:30,258,18.7,37.8139149,-122.4240422
14:21:31,257.7,18.7,37.8140124,-122.4238628
14:21:32,257.4,18.7,37.8141103,-122.4236854
14:21:33,257.2,18.7,37.8142052,-122.4235045
14:21:34,256.9,18.7,37.8142933,-122.4233184
14:21:35,256.6,18.7,37.8143808,-122.4231333
14:21:36,256.4,18.7,37.8144699,-122.4229502
14:21:37,256.1,18.7,37.8145678,-122.4227778
14:21:38,255.9,18.7,37.8146768,-122.4226209
14:21:39,255.6,18.7,37.8147881,-122.4224648
14:21:40,255.4,18.7,37.8148979,-122.4223
14:21:41,255.2,18.7,37.8150035,-122.4221273
14:21:42,255,18.7,37.8151045,-122.4219507
14:21:43,254.8,18.7,37.8151991,-122.4217655
14:21:44,254.5,18.7,37.8152961,-122.4215809
14:21:45,254.2,18.8,37.815401,-122.4214041
14:21:46,254,18.8,37.8155022,-122.4212245
14:21:47,253.8,18.8,37.8155983,-122.4210425
14:21:48,253.5,18.9,37.815696,-122.4208637
14:21:49,253.3,18.9,37.8158003,-122.4206917
14:21:50,253.1,19,37.8159054,-122.4205209
14:21:51,253,19,37.8159949,-122.4203337
14:21:52,252.8,19.1,37.8160889,-122.4201472
14:21:53,252.7,19.1,37.8162053,-122.4199875
14:21:54,252.6,19.1,37.8163296,-122.4198411
14:21:55,252.6,19.2,37.8164496,-122.4196895
14:21:56,252.6,19.2,37.8165618,-122.4195298
14:21:57,252.6,19.2,37.8166683,-122.419363
14:21:58,252.5,19.2,37.8167702,-122.4191898
14:21:59,252.4,19.1,37.8168705,-122.4190123
14:22:00,252.3,19.1,37.8169695,-122.4188346
14:22:01,252.2,19.1,37.8170717,-122.41866
14:22:02,252,19.1,37.8171812,-122.4184902
14:22:03,251.9,19.1,37.8172874,-122.4183135
14:22:04,251.8,19.1,37.8173951,-122.4181347
14:22:05,251.6,19.1,37.8175139,-122.4179679
14:22:06,251.5,19,37.8176318,-122.4177985
14:22:07,251.3,19,37.8177479,-122.4176275
14:22:08,251.2,19,37.817854,-122.4174464
14:22:09,251,19,37.8179645,-122.4172672
14:22:10,250.9,19,37.8180876,-122.4171029
14:22:11,250.7,18.9,37.8182024,-122.4169294
14:22:12,250.5,18.9,37.8183089,-122.4167458
14:22:13,250.4,18.9,37.818426,-122.4165729
14:22:14,250.2,18.8,37.8185433,-122.4163981
14:22:15,250.1,18.8,37.8186552,-122.4162169
14:22:16,250.1,18.8,37.8187696,-122.4160408
14:22:17,250,18.8,37.8188774,-122.4158583
14:22:18,250,18.7,37.8189945,-122.4156889
14:22:19,250,18.7,37.8191066,-122.4155173
14:22:20,250,18.7,37.8192193,-122.4153463
14:22:21,250,18.7,37.8193412,-122.4151872
14:22:22,250.1,18.8,37.8194666,-122.4150311
14:22:23,250.1,18.8,37.8195985,-122.414883
14:22:24,250.2,18.8,37.8197276,-122.4147293
14:22:25,250.2,18.8,37.8198468,-122.4145623
14:22:26,250.2,18.9,37.8199542,-122.4143816
14:22:27,250.3,18.9,37.8200654,-122.4142058
14:22:28,250.3,18.9,37.8201874,-122.4140404
14:22:29,250.3,19,37.820303,-122.4138678
14:22:30,250.3,19,37.8204141,-122.4136901
14:22:31,250.3,19.1,37.8205384,-122.4135289
14:22:32,250.3,19.1,37.8206628,-122.4133686
14:22:33,250.3,19.2,37.8207843,-122.4132054
14:22:34,250.3,19.2,37.8208995,-122.4130381
14:22:35,250.3,19.3,37.8210204,-122.4128803
14:22:36,250.3,19.3,37.821146,-122.4127266
14:22:37,250.3,19.4,37.8212701,-122.4125663
14:22:38,250.3,19.4,37.8213941,-122.4124077
14:22:39,250.2,19.4,37.8215112,-122.4122434
14:22:40,250.2,19.4,37.8216249,-122.4120794
14:22:41,250.2,19.4,37.8217446,-122.4119231
14:22:42,250.2,19.4,37.8218647,-122.4117681
14:22:43,250.2,19.4,37.8219802,-122.4116081
14:22:44,250.2,19.4,37.8221012,-122.4114561
14:22:45,250.2,19.3,37.8222189,-122.4113041
14:22:46,250.2,19.3,37.8223331,-122.411151
14:22:47,250.2,19.2,37.822453,-122.4110064
14:22:48,250.2,19.2,37.8225754,-122.4108642
14:22:49,250.2,19.1,37.8226985,-122.4107289
14:22:50,250.2,19,37.8228206,-122.4105948
14:22:51,250.2,19,37.8229443,-122.4104636
14:22:52,250.3,19,37.8230647,-122.4103294
14:22:53,250.3,18.9,37.823176,-122.4101864
14:22:54,250.3,18.9,37.823274,-122.4100341
14:22:55,250.3,18.9,37.8233586,-122.4098699
14:22:56,250.3,18.9,37.823421,-122.4096979
14:22:57,250.2,18.9,37.8234584,-122.4095265
14:22:58,250.1,18.9,37.823475,-122.4093685
14:22:59,249.9,18.9,37.8234828,-122.4092247
14:23:00,249.7,18.9,37.8234856,-122.4090967
14:23:01,249.6,18.9,37.8234822,-122.4089821
14:23:02,249.4,19,37.8234714,-122.4088744
14:23:03,249.2,19,37.8234509,-122.4087709
14:23:04,249.1,19,37.8234235,-122.4086687
14:23:07,248.7,18.9,37.8233129,-122.4083718
14:23:08,248.7,18.9,37.8232562,-122.4082776
14:23:09,248.7,18.8,37.8231893,-122.4081763
14:23:10,248.7,18.8,37.8231176,-122.4080567
14:23:11,248.7,18.7,37.8230549,-122.4079118
14:23:12,248.8,18.6,37.8229972,-122.4077514
14:23:13,248.8,18.5,37.8229378,-122.4075792
14:23:14,248.9,18.4,37.822886,-122.4073915
14:23:15,248.9,18.3,37.8228425,-122.4071925
14:23:16,249,18.2,37.8228002,-122.4069836
14:23:17,249,18.1,37.8227753,-122.4067648
14:23:18,249.1,18,37.8227591,-122.40655
14:23:19,249.1,17.9,37.8227357,-122.4063472
14:23:20,249.1,17.9,37.8227199,-122.4061449
14:23:21,249.1,17.8,37.8227047,-122.40594
14:23:22,249.1,17.7,37.8226986,-122.4057313
14:23:23,249.1,17.6,37.8226949,-122.4055229
14:23:24,249.1,17.5,37.8226959,-122.4053166
14:23:25,249.1,17.5,37.8226969,-122.4051146
14:23:26,249.1,17.4,37.8226964,-122.4049111
14:23:27,249,17.4,37.8226983,-122.404707
14:23:28,249,17.3,37.8226986,-122.4045035
14:23:29,249,17.3,37.822699,-122.4042996
14:23:30,249,17.2,37.8227011,-122.4040942
14:23:31,249,17.2,37.8227031,-122.4038869
14:23:32,249,17.2,37.8227055,-122.4036792
14:23:33,249,17.1,37.8227088,-122.4034706
14:23:34,249,17.1,37.822718,-122.4032606
14:23:35,249,17.1,37.8227253,-122.4030491
14:23:36,249,17,37.822734,-122.4028384
14:23:37,249,17,37.8227499,-122.4026268
14:23:38,249,17,37.8227572,-122.4024116
14:23:39,249,17,37.8227448,-122.402201
14:23:40,249,16.9,37.8227288,-122.4019962
14:23:41,249,16.9,37.8227139,-122.4017881
14:23:42,249,16.9,37.8226992,-122.4015735
14:23:43,249,16.9,37.8226886,-122.4013533
14:23:44,249,16.9,37.8226836,-122.4011321
14:23:45,249,16.9,37.8226778,-122.4009083
14:23:46,249,16.9,37.8226573,-122.40068
14:23:47,249,16.9,37.8226252,-122.4004513
14:23:48,249,16.9,37.8225685,-122.4002322
14:23:49,249,16.9,37.8224821,-122.4000298
14:23:50,249,16.9,37.8223596,-122.3998622
14:23:51,249,16.9,37.8222129,-122.3997438
14:23:52,249,17,37.8220568,-122.3996735
14:23:53,249,17,37.8219022,-122.3996273
14:23:54,249,17,37.8217436,-122.3995879
14:23:55,249,17,37.8215772,-122.3995669
14:23:56,249,17,37.8214169,-122.39957
14:23:57,249,17.1,37.8212631,-122.3995842
14:23:58,249,17.1,37.8211125,-122.3996045
14:23:59,249,17.1,37.8209614,-122.3996216
14:24:00,249,17.1,37.8208062,-122.3996332
14:24:01,249,17.1,37.8206547,-122.3996555
14:24:02,249,17.1,37.8205047,-122.3996784
14:24:03,249,17.1,37.8203537,-122.3996973
14:24:04,249,17.1,37.8202007,-122.3997159
14:24:05,249,17.2,37.8200502,-122.3997429
14:24:06,249,17.2,37.819901,-122.3997718
14:24:07,249,17.2,37.8197486,-122.3997967
14:24:08,249,17.2,37.8195969,-122.3998177
14:24:09,249,17.2,37.8194509,-122.3998409
14:24:10,249,17.2,37.8193045,-122.3998629
14:24:11,249,17.2,37.8191572,-122.3998791
14:24:12,249,17.2,37.8190081,-122.3998925
14:24:13,249,17.2,37.8188586,-122.3999085
14:24:14,249,17.1,37.8187078,-122.3999288
14:24:15,249,17.1,37.8185567,-122.3999515
14:24:16,249,17.1,37.8184073,-122.3999717
14:24:17,249,17,37.8182562,-122.3999862
14:24:18,249,17,37.8181044,-122.399993
14:24:19,249,17,37.8179502,-122.3999951
14:24:20,249,16.9,37.8177939,-122.4000044
14:24:21,249,16.9,37.8176396,-122.4000205
14:24:22,249,16.8,37.8174881,-122.4000407
14:24:23,249,16.8,37.8173386,-122.4000637
14:24:24,249,16.8,37.8171891,-122.4000839
14:24:25,249,16.7,37.8170382,-122.4001003
14:24:26,249,16.7,37.8168889,-122.4001164
14:24:27,249,16.7,37.8167417,-122.4001324
14:24:28,249,16.7,37.8165917,-122.4001458
14:24:29,249,16.7,37.8164412,-122.4001602
14:24:30,249,16.7,37.8162906,-122.4001718
14:24:31,249,16.7,37.8161394,-122.400175
14:24:32,249,16.7,37.8159916,-122.4001868
14:24:33,249,16.7,37.8158451,-122.400201
14:24:34,249,16.7,37.8156948,-122.4002082
14:24:35,249,16.7,37.8155386,-122.4002088
14:24:36,249,16.7,37.8153782,-122.4002068
14:24:37,249,16.8,37.8152183,-122.4002088
14:24:38,249,16.8,37.8150555,-122.4002041
14:24:39,249,16.8,37.8148867,-122.4001935
14:24:40,249,16.8,37.8147158,-122.4001896
14:24:41,249,16.8,37.814545,-122.4001862
14:24:42,249,16.9,37.8143741,-122.4001744
14:24:43,249,16.9,37.8142064,-122.4001632
14:24:44,249,17,37.8140485,-122.4001636
14:24:45,249,17.1,37.8138958,-122.4001714
14:24:46,249,17.2,37.8137437,-122.4001799
14:24:47,249,17.3,37.8135919,-122.4001884
14:24:48,249,17.4,37.8134393,-122.4001964
14:24:49,249,17.5,37.8132852,-122.4001983
14:24:50,249,17.5,37.8131319,-122.4001942
14:24:51,249,17.6,37.8129795,-122.4001906
14:24:52,249,17.7,37.8128293,-122.4001875
14:24:53,249,17.7,37.8126845,-122.4001844
14:24:54,249,17.7,37.8125407,-122.4001815
14:24:55,249,17.8,37.8123944,-122.4001765
14:24:56,249,17.8,37.81225,-122.4001689
14:24:57,249,17.8,37.8121042,-122.4001589
14:24:58,249,17.7,37.8119557,-122.4001443
14:24:59,249,17.7,37.8118054,-122.4001315
14:25:00,249,17.7,37.8116549,-122.4001215
14:25:01,249,17.6,37.811507,-122.4001118
14:25:02,249,17.6,37.8113619,-122.4000977
14:25:03,249,17.5,37.8112277,-122.4000811
14:25:04,249,17.4,37.811104,-122.4000592
14:25:05,249,17.4,37.8109854,-122.4000249
14:25:06,249,17.3,37.8108657,-122.3999876
14:25:07,249,17.2,37.8107428,-122.3999557
14:25:08,249,17.1,37.8106178,-122.3999317
14:25:09,249,17.1,37.8104906,-122.399905
14:25:10,249,17,37.8103616,-122.3998719
14:25:11,249,17,37.810228,-122.3998308
14:25:12,249,16.9,37.8100907,-122.399782
14:25:13,249,16.9,37.809952,-122.3997246
14:25:14,249,16.8,37.8098142,-122.3996581
14:25:15,249,16.8,37.8096833,-122.399583
14:25:19,249,16.9,37.8092371,-122.3992106
14:25:20,249,16.9,37.8091431,-122.3991046
14:25:21,249,16.9,37.8090543,-122.3989933
14:25:22,249,17,37.8089697,-122.3988763
14:25:23,249,17,37.8088898,-122.3987529
14:25:24,249,17.1,37.8088136,-122.3986219
14:25:25,249,17.2,37.8087421,-122.3984863
14:25:26,249,17.3,37.8086775,-122.3983477
14:25:27,249,17.3,37.8086194,-122.3982109
14:25:28,249,17.4,37.8085645,-122.3980813
14:25:29,249,17.5,37.8085123,-122.3979575
14:25:30,249,17.5,37.808465,-122.3978367
14:25:31,249,17.5,37.8084216,-122.397717
14:25:32,249,17.6,37.808378,-122.3976003
14:25:33,249,17.6,37.8083322,-122.397486
14:25:34,249,17.6,37.8082868,-122.3973716
14:25:35,249,17.6,37.8082376,-122.3972591
14:25:36,249,17.6,37.8081865,-122.397149
14:25:37,249,17.6,37.8081255,-122.3970465
14:25:38,249,17.5,37.8080548,-122.3969543
14:25:39,249,17.5,37.8079841,-122.3968583
14:25:40,249,17.5,37.8079072,-122.3967752
14:25:41,249,17.4,37.8078244,-122.396714
14:25:42,249,17.4,37.8077422,-122.3966729
14:25:43,249,17.4,37.8076639,-122.3966486
14:25:44,249,17.3,37.8075885,-122.3966353
14:25:45,249,17.3,37.8075154,-122.396633
14:25:46,249,17.2,37.8074452,-122.3966429
14:25:47,249,17.2,37.8073779,-122.396664
14:25:48,249,17.1,37.8073151,-122.3966915
14:25:49,249,17.1,37.8072545,-122.396718
14:25:50,249,17.1,37.8071934,-122.3967436
14:25:51,249,17,37.8071359,-122.3967672
14:25:52,249,17,37.8070815,-122.3967887
14:25:53,249,17,37.8070303,-122.3968081
14:25:54,249,17,37.806984,-122.3968255
14:25:55,249,17.1,37.8069406,-122.3968418
14:25:56,249,17.1,37.8069013,-122.3968564
14:25:57,249,17.2,37.8068655,-122.3968694
14:25:58,249,17.2,37.8068321,-122.3968816
14:25:59,249,17.3,37.8068035,-122.3968967
14:26:00,249,17.4,37.80678,-122.3969146
14:26:01,249,17.5,37.8067612,-122.3969336
14:26:02,249,17.7,37.8067464,-122.3969511
