Date,Time,CWD_Crse,Nel_Crse,CWD_Spd,Nel_Spd,Range,Bearing,Bearing Rate,Relative Bearing,ATB
12/Dec/1995,05:03:00,0.3,269.7,4.5001530538,9.8245738799,34502.7598372977,160.1400860328,-0.6675766113,-108.7703266507,-20.3324634671
12/Dec/1995,05:03:00,0,269.7,4.4102440203,10.9543440747,34495.0985063137,159.4722496434,-0.659687,-111.0457329598,-19.9250224465
12/Dec/1995,05:03:00,360,269.9,4.3825151871,11.5374767404,34504.3948872227,158.8126284964,-0.666316071,-110.5834886159,-19.2461198661
12/Dec/1995,05:04:00,359.6,268.7,4.340158688,12.0952432269,34512.9907018998,158.1463594855,-0.685144319,-111.0317140543,-22.3435977485
12/Dec/1995,05:05:00,358.5,270.6,4.3314312557,12.1676318075,34530.6786617015,157.4614624557,-0.6730573494,-113.0023732667,-24.0115027511
12/Dec/1995,05:05:00,360,269.4,4.3216835477,12.3344929865,34560.05284739,156.7888927874,-0.6730723818,-113.2566720365,-21.6117776771
12/Dec/1995,05:05:00,0,269,4.3122464246,12.5480740003,34591.8061923054,156.1163381582,-0.6772421312,-112.7926484528,-22.0341776336
12/Dec/1995,05:06:00,0.4,270.5,3.6781832859,12.3527366653,34621.6979062761,155.4395835172,-0.6507309654,-116.1785931881,-25.9232328996
12/Dec/1995,05:07:00,1.1,269.9,3.6261416209,12.5745653576,34690.7309628675,154.790062476,-0.6565807405,-114.4694905127,-26.1586007285
12/Dec/1995,05:07:00,0,268.6,3.6610452659,12.6046281831,34750.7499224294,154.1344654036,-0.6528525479,-97.3958824196,-25.1388778571
12/Dec/1995,05:07:00,360,272.1,3.6357558489,12.3943132571,34696.4344525321,153.4802509773,-0.6578001675,-94.5602098653,-25.0018619085
12/Dec/1995,05:08:00,358.8,269.1,3.66,12.3811424179,34624.7878496432,152.8209063714,-0.6720177848,-95.8936238489,-26.247995587
12/Dec/1995,05:09:00,358.7,245.8,8.5034221324,11.3635533659,34563.0830394152,152.1481113632,-0.7280185915,-95.4364788114,-28.31633513
12/Dec/1995,05:09:00,360,241.5,6.3450610461,11.3918441207,34479.3495915126,151.4321466803,-0.7986281008,-95.2408554311,-29.5677842151
12/Dec/1995,05:09:00,0,242.3,4.172321495,11.5973187769,34325.2878991277,150.6510866381,-0.7049038128,-96.2355468472,-27.4375081623
12/Dec/1995,05:10:00,0.9,240.9,4.2,11.879816499,34253.3828547547,149.9446539612,-0.71906771,-97.7253293841,-30.0553460388
12/Dec/1995,05:11:00,0.7,239.9,4.2704938226,11.7683236555,34193.5107826865,149.2242951147,-0.7213986013,-97.4581038013,-31.6470461112
12/Dec/1995,05:11:00,0,240.1,4.29,11.8200993875,34131.4433109985,148.5015696959,-0.7307349936,-99.2315954419,-31.4984303041
12/Dec/1995,05:11:00,360,241,4.2110220653,11.9229096232,34080.9448665854,147.7697384168,-0.7197401601,-99.3389107303,-30.9678761471
12/Dec/1995,05:12:00,359.1,239.9,4.1900924336,11.7980647955,34031.7170944894,147.0489450857,-0.730687049,-99.8354803762,-32.5704787006
12/Dec/1995,05:13:00,358.8,241.1,4.2904914882,12.0077943473,33988.7906457135,146.317332327,-0.733239763,-100.8090964661,-34.5499186213
12/Dec/1995,05:14:00,360,240.3,4.3106389434,11.8513601742,33951.3247481091,145.5833009509,-0.7304281122,-101.011108703,-33.4301848088
12/Dec/1995,05:14:00,0,240.1,4.2425973216,11.9718645575,33913.1211835199,144.8520675665,-0.7305757591,-101.795713767,-33.1429676622
12/Dec/1995,05:14:00,0,240.3,4.2466363583,11.8600770014,33881.7049700689,144.1208313724,-0.7529117419,-103.1598536365,-43.4107117047
12/Dec/1995,05:15:00,1.2,239.8,4.2957891213,11.8568885928,33872.5464112269,143.367784833,-0.8044091401,-103.8091720004,-62.3579418896
12/Dec/1995,05:16:00,0,239.8,4.5129876867,11.9329213746,33902.4598386015,142.5642212788,-0.8274355018,-104.726900447,-80.632559737
12/Dec/1995,05:16:00,360,240.6,4.8061661943,11.8068334506,33975.9348336799,141.7387637648,-0.8463090835,-104.7587522633,-87.939023568
12/Dec/1995,05:16:00,359.7,240.5,4.7951694031,11.9364872901,34067.5003011388,140.894944526,-0.8426940082,-106.5212396259,-87.0824549174
12/Dec/1995,05:17:00,358.6,240.5,4.7949750627,11.7860689227,34168.4606801413,140.0549571721,-0.8346790068,-107.1001231854,-87.7592916143
12/Dec/1995,05:17:00,360,239.7,4.9209757359,11.8358381395,34273.9649963112,139.2230682433,-0.8357216016,-107.7906967526,-90.2144012253
12/Dec/1995,05:17:00,0,240.7,4.7996318695,11.9260108882,34389.8802647819,138.3903962255,-0.8277645819,-108.8762196928,-91.3777015364
12/Dec/1995,05:18:00,0,240.4,4.8632339714,11.8483960431,34516.2894692858,137.5658888993,-0.8244196092,-109.2341825934,-90.4996899699
12/Dec/1995,05:19:00,0.7,240.3,4.8013926643,11.830683832,34642.102564145,136.7446965871,-0.8150013091,-110.099909741,-90.3293672419
12/Dec/1995,05:20:00,0,240.5,4.8190103841,11.9292987013,34772.5692336763,135.9329849125,-0.8041567139,-111.2077627678,-93.562275544
12/Dec/1995,05:20:00,0,240,4.926891719,11.8799587223,34917.0134957104,135.1323909432,-0.8058335922,-111.8998179941,-94.0573548868
12/Dec/1995,05:20:00,360,240.1,4.8897949832,11.8761155342,35067.6650560268,134.3302640725,-0.8041139035,-112.4782984603,-93.066308953
12/Dec/1995,05:21:00,359.1,240.4,4.9451244519,11.7898809863,35220.4744983835,133.5298824884,-0.7968848587,-112.934503587,-94.764637769
12/Dec/1995,05:22:00,359.7,240.2,4.9278834253,11.8396692554,35379.4688563919,132.7368282588,-0.795815419,-114.5909863541,-96.7693529208
12/Dec/1995,05:22:00,360,240,4.9349234714,11.9602479275,35556.5686605148,131.9452242784,-0.7783611394,-114.8300464408,-97.6307152442
12/Dec/1995,05:22:00,0,239.6,4.8702561587,11.8702084874,35733.7118409037,131.1709733889,-0.7687420754,-115.4356940601,-97.1265406822
12/Dec/1995,05:23:00,0.7,240.6,4.7062322346,12.115452908,35912.6475178977,130.4063113573,-0.754185052,-117.1077334578,-97.2501065579
12/Dec/1995,05:23:00,0,240,4.7511366463,11.84261509,36102.2953073434,129.6563291852,-0.7477420671,-117.2868776752,-99.9326834163
12/Dec/1995,05:23:00,360,239.8,4.8765893857,11.8375657345,36299.1815119681,128.9128862904,-0.7462044203,-118.2697307652,-97.3732957993
12/Dec/1995,05:24:00,359.2,240.9,5.0127386985,11.9490572142,36495.5034235905,128.1709511861,-0.7432325822,-118.9618866488,-84.9136625439
12/Dec/1995,05:25:00,358.5,240.2,4.9516846462,11.8985802024,36661.5348897531,127.4313520364,-0.702703649,-119.9357193711,-61.6218363605
12/Dec/1995,05:25:00,360,240.4,5.0787747906,11.8877164494,36773.1254439037,126.7310125399,-0.6321814419,-120.2210200406,-33.8548819345
12/Dec/1995,05:25:00,0,240.4,5.2084854583,11.8117552445,36830.7131403273,126.0999601693,-0.5701774569,-115.8304820318,-19.1589931847
12/Dec/1995,05:26:00,5.6,240.7,5.1535428721,11.7715588071,36832.6867799944,125.5298894936,-0.4269446788,-65.9820061682,-15.5575521229
12/Dec/1995,05:27:00,19.7,240.2,4.9906276529,11.92843059,36577.438725973,125.1000356617,-0.4175231525,-56.6869879066,-16.6643497597
12/Dec/1995,05:28:00,34.7,234.3,4.9009700115,11.2848317311,36284.9807112294,124.6792253036,-0.4364035232,-56.5728888712,-18.0479525106
12/Dec/1995,05:29:00,41.1,188.6,4.7854291834,8.2152640765,35991.01121905,124.2393442942,-0.4401919128,-56.1148792897,-18.1322901303
12/Dec/1995,05:30:00,39.3,181.3,4.9182633105,8.6141895224,35697.1677567543,123.7956183459,-0.4578239759,-57.4692626435,-17.1635178096
12/Dec/1995,05:31:00,39.2,180.9,4.7494859855,8.9021256367,35400.2076796025,123.3340450436,-0.4609142657,-56.3796731022,-18.4188436826
12/Dec/1995,05:32:00,40.8,180.3,4.6949611218,8.9901718092,35104.0205436214,122.8693408359,-0.4787071106,-57.9857740133,-19.9371793739
12/Dec/1995,05:33:00,41.1,180.9,4.6687980827,9.2322496449,34816.8445049869,122.3867951353,-0.4772028566,-57.5556977996,-20.0325105034
12/Dec/1995,05:34:00,39.4,179.8,4.7957327469,9.2701157169,34530.0052713207,121.9057428198,-0.4922418544,-58.8864456826,-19.1515429827
12/Dec/1995,05:35:00,38.5,180.6,4.7065468478,9.3110369639,34242.0145498711,121.4094793126,-0.4968265461,-59.2761411994,-20.2201248064
12/Dec/1995,05:36:00,40.8,179.9,4.684626222,9.2300046491,33960.659088324,120.9086633338,-0.5048554552,-58.7492443143,-21.6604262753
12/Dec/1995,05:37:00,40.6,180.6,4.7374230726,9.3808966423,33678.6916519306,120.3997190463,-0.5115320745,-60.1698215783,-20.3765606651
12/Dec/1995,05:38:00,38.8,180.5,4.657876638,9.290665172,33400.0420935416,119.8840581985,-0.5147830419,-59.8861425802,-21.7090617058
12/Dec/1995,05:39:00,39.6,179.8,4.6454158773,9.3101659463,33124.906348501,119.365147633,-0.5393028692,-61.6009737347,-23.8404073844
12/Dec/1995,05:40:00,40.9,180.4,4.6636053539,9.320460477,32858.2745246945,118.8216323632,-0.545256378,-61.8103163759,-25.1170456095
12/Dec/1995,05:41:00,40.9,179.8,4.6986319283,9.2400743185,32594.8701961703,118.2721447869,-0.5500560626,-62.3530498782,-23.2829778801
12/Dec/1995,05:42:00,39.6,180.7,4.6965211054,9.3413279644,32329.5601078325,117.7177489549,-0.4037043836,-37.1098568096,-23.0910701978
12/Dec/1995,05:43:00,39.1,180.4,4.8194207072,9.2405620597,31971.3745749615,117.3096819673,-0.3459813804,-25.7327262546,-24.5408106291
12/Dec/1995,05:44:00,41,180.5,4.7795783221,9.3405560626,31564.5930822952,116.9594050805,-0.3521253804,-24.8374709252,-25.5033060079
12/Dec/1995,05:45:00,37.8,160.8,4.7392150146,9.1709455014,31150.4968538617,116.6027687079,-0.3604584101,-25.9393646825,-24.3384488571
12/Dec/1995,05:46:00,25.7,151,4.6614967433,9.7862452212,30739.2147956065,116.2376564033,-0.36540767,-25.6009036216,-24.515669766
12/Dec/1995,05:47:00,6.7,149.8,4.6448824445,10.0531522386,30324.7159455043,115.8674259497,-0.3885338813,-26.7316694707,-26.329008999
12/Dec/1995,05:47:00,0,150.5,4.6422534008,10.0403024488,29915.207732052,115.4737590882,-0.3962768972,-26.3826224707,-27.9908313342
12/Dec/1995,05:47:00,360,149.9,4.6347805918,10.2127390664,29508.1883593902,115.0722123157,-0.4044938531,-27.3488243224,-26.8824923778
12/Dec/1995,05:48:00,345.4,150.5,4.7042853217,10.2214861192,29103.9518780497,114.6622973252,-0.4129268111,-27.1682991954,-26.8061735607
12/Dec/1995,05:49:00,332.8,149.9,4.7059596011,10.1720985106,28694.3490657829,114.2436795345,-0.4278074556,-27.7671384696,-28.3867378319
12/Dec/1995,05:50:00,329.1,150.4,4.7649377597,10.1197000265,28291.9261793336,113.8100025497,-0.4424592373,-27.5790564629,-29.0812715639
12/Dec/1995,05:51:00,329.7,149.8,4.9218948478,10.2265743673,27883.1511709021,113.3612828786,-0.4486451507,-28.1834452282,-27.3615102075
12/Dec/1995,05:52:00,330.6,150.1,4.9803857786,10.0872069816,27472.2530081329,112.9061561537,-0.4709908087,-29.7138443449,-27.5398310979
12/Dec/1995,05:53:00,330.2,149.5,5.0227921935,10.2764095077,27066.0466802574,112.4283367203,-0.494622281,-29.782760854,-30.1682911889
12/Dec/1995,05:54:00,329,149.6,5.0274715472,10.1775791404,26661.2219939795,111.9264638099,-0.5159149073,-30.4768399459,-30.9767385449
12/Dec/1995,05:55:00,329.7,150.6,5.1201401941,10.1053753865,26257.3785723057,111.4028861928,-0.5210701841,-30.9522086611,-29.258784539
12/Dec/1995,05:56:00,330.5,150.2,5.1805270167,10.1483826274,25851.5459918527,110.8739099286,-0.547038179,-31.2626499427,-30.7270670957
12/Dec/1995,05:57:00,330.4,150.4,5.1456936864,10.2230799237,25443.6397150133,110.3183934102,-0.5678741017,-31.583673621,-33.0619494763
12/Dec/1995,05:58:00,329,150.3,5.3280079969,10.1665649167,25042.8804828251,109.7417400513,-0.5844332026,-32.4346692052,-31.076802124
12/Dec/1995,05:59:00,329.6,150.1,5.3610765631,10.297971182,24635.2796287816,109.147952779,-0.594455988,-32.5100048005,-31.5753956595
12/Dec/1995,06:00:00,330.4,149.9,5.5726877466,10.2292718864,24230.8695906419,108.5439005838,-0.7411730415,-51.8488519115,-33.9373489277
12/Dec/1995,06:01:00,328.8,150.2,5.6971642217,10.2924083411,23919.6676883296,107.7934722528,-0.8894324419,-96.5529786922,-34.708770174
12/Dec/1995,06:02:00,329.5,149.7,5.7244481317,10.1744007202,23809.2463068884,106.9003551379,-0.9197617664,-99.0825035814,-34.2792073851
12/Dec/1995,06:03:00,331,165.2,5.6442840543,8.9489019637,23711.6029538728,105.9772598194,-0.945448011,-101.0573940674,-37.0611194282
12/Dec/1995,06:04:00,331.6,198.5,5.7560598327,8.8357708111,23631.8364489303,105.0290933675,-0.9318268918,-101.1734585497,-32.2677893976
12/Dec/1995,06:05:00,329.6,199.8,6.0903344526,9.266622432,23542.0094639738,104.0941760452,-0.8365247708,-102.6955034275,-16.3940504487
12/Dec/1995,06:06:00,328.8,200.7,6.57172286,9.4416750587,23429.7823402029,103.254046674,-0.7123327506,-103.482573267,-0.2985173044
12/Dec/1995,06:07:00,329.7,200,6.6245950916,9.5515273227,23298.5059735476,102.5380191349,-0.5733169102,-104.02113373,16.1730153289
12/Dec/1995,06:08:00,330.3,200.5,6.1772122517,9.6452538451,23175.9427041662,101.9618920136,-0.4545373684,-105.0692613461,33.4224612515
12/Dec/1995,06:09:00,329,200.4,5.4734779958,9.6631444767,23095.5654063247,101.5059110045,-0.3780216149,-105.6398176297,54.1789673591
12/Dec/1995,06:10:00,328.8,200.4,4.923861338,9.681676054,23078.4791546322,101.127693979,-0.3580880224,-105.6556932867,76.0580172812
12/Dec/1995,06:11:00,330.1,200.7,5.0179145392,9.6883609613,23124.3615765388,100.7703886108,-0.3306666314,-105.0452170407,87.3061818684
12/Dec/1995,06:12:00,331.2,200.8,5.0708650884,9.7319888509,23195.2215520999,100.4407907778,-0.3264969159,-107.017986288,86.9042151349
12/Dec/1995,06:13:00,329.9,200.5,5.1666394595,9.8127455775,23275.7330456809,100.115483167,-0.3140607013,-106.5481502832,83.8563129448
12/Dec/1995,06:14:00,329.5,199.7,5.2974975012,9.6645169118,23344.3348230629,99.802402213,-0.3150169151,-106.7859663787,74.5182232122
12/Dec/1995,06:15:00,330.4,201.1,5.5940266898,9.7707445182,23387.5897418981,99.4880302177,-0.3500634582,-107.735539709,56.0213168612
12/Dec/1995,06:16:00,330.8,200.4,6.0708717199,9.6681454037,23383.3031133431,99.137995663,-0.4280976446,-107.0509211165,36.3912463067
12/Dec/1995,06:17:00,328.7,200.4,6.5410544751,9.6729630856,23321.0515860925,98.7089110345,-0.5428521554,-108.4030036935,19.0128725797
12/Dec/1995,06:18:00,328.6,200.8,6.3617867634,9.7275360956,23226.8245675435,98.1640998607,-0.6878035512,-108.2554610821,1.2122504042
12/Dec/1995,06:19:00,330.4,200,6.1000296099,9.6841371328,23125.6717999028,97.4736387044,-0.8326708861,-108.9919578171,-16.5149948128
12/Dec/1995,06:20:00,330.7,200.8,6.039453637,9.7852188915,23044.9388727502,96.6385013212,-0.9029574614,-110.2104276518,-25.5807666032
12/Dec/1995,06:21:00,328.7,200.2,6.1025709386,9.6475957886,22983.7866306227,95.7336401789,-0.8980643674,-110.9555902157,-25.4521292296
12/Dec/1995,06:22:00,329.5,200.2,6.1918989502,9.6737929815,22923.548921046,94.833718572,-0.9069295967,-111.8293448157,-26.3925631739
12/Dec/1995,06:23:00,331.1,200.6,6.2528581798,9.7511718782,22866.5830324609,93.9250431972,-0.9247330164,-112.7119019895,-28.6873864046
12/Dec/1995,06:24:00,328.9,200.4,6.2946757344,9.6815082749,22815.9750952576,92.9987882511,-0.9223702401,-112.7938864265,-27.9800008215
12/Dec/1995,06:25:00,328.7,200.4,6.3470536398,9.6904769554,22763.4289270947,92.074822105,-0.8602486511,-70.7698626729,-29.0413646103
12/Dec/1995,06:26:00,330.4,200.4,6.2822067931,9.699447688,22508.8794775274,91.2053575244,-0.8224709036,-47.3976330571,-31.669290768
12/Dec/1995,06:27:00,330.4,199.7,6.2546574226,9.6959663835,22142.9553574969,90.3697947882,-0.8392777075,-46.7134134323,-31.1511628407
12/Dec/1995,06:28:00,329.2,167.1,6.3466874252,8.4562286634,21768.9850286836,89.5166115141,-0.8855883422,-47.6442414727,-31.9184535235
12/Dec/1995,06:29:00,330.8,146.9,6.3860291485,9.7314443159,21393.2978342127,88.616012032,-0.9206287193,-47.7879867548,-33.235148546
12/Dec/1995,06:30:00,325.6,145.5,6.3519802578,9.9816565934,21017.6958770295,87.6794936486,-0.9796586138,-49.9628028686,-34.4691456245
12/Dec/1995,06:31:00,308.4,145.6,6.3124435654,10.20094402,20650.7527809102,86.6830244912,-1.0036659416,-50.4765544206,-35.3695909369
12/Dec/1995,06:32:00,287.9,144.9,6.4148464746,10.300737493,20289.9721447168,85.6621252193,-1.0370451925,-50.5690913833,-36.1342961618
12/Dec/1995,06:33:00,265.3,146,6.3835736978,10.5013456282,19927.7359815916,84.6068626685,-1.0765083209,-51.9917079473,-37.681695413
12/Dec/1995,06:34:00,242.1,145.6,6.4726934234,10.4466366921,19577.1595732279,83.511733305,-1.126759504,-53.6093959554,-38.4882151674
12/Dec/1995,06:35:00,218.8,144.7,6.5147139678,10.4966199748,19232.7823689123,82.3654829024,-1.1691773913,-54.2746747829,-39.6109534782
12/Dec/1995,06:36:00,199.1,145,6.483107975,10.4327595415,18892.1349988436,81.175932016,-1.2013967746,-55.9067260624,-40.3508696394
12/Dec/1995,06:37:00,190,145.5,6.4462791238,10.4804368452,18563.667788589,79.9540046588,-1.2349206894,-56.7131079746,-41.9830538282
12/Dec/1995,06:38:00,190.1,145.1,6.4386376235,10.5356387367,18245.0795546413,78.6982653182,-1.3009420295,-58.2368222927,-43.5964589261
12/Dec/1995,06:39:00,192.2,145.4,6.4122497173,10.4187031132,17934.5326706526,77.375575127,-1.3322743102,-59.3698853041,-44.8567875225
12/Dec/1995,06:40:00,199.3,145.2,6.480464117,10.3384895303,17635.1248264795,76.0214763026,-1.3776045961,-60.6131782279,-45.3124174592
12/Dec/1995,06:41:00,215.1,145.3,6.4198427143,10.5532507822,17341.1584257313,74.6213360485,-1.4338008038,-62.0914091338,-47.2524811678
12/Dec/1995,06:42:00,235.3,145.2,6.4278515154,10.4350212016,17059.6143378595,73.1647160553,-1.2586973724,-111.1926932524,-48.9800024369
12/Dec/1995,06:43:00,256.4,145.1,6.4119092277,10.4678177367,17020.7308639112,71.9038857703,-0.385291915,-180,-50.014023665
12/Dec/1995,06:44:00,279.2,145.1,6.4516346152,10.5642708585,17173.804247095,71.5221623518,0.0411393568,180,-50.8046742446
12/Dec/1995,06:45:00,300.8,183.2,6.3829541549,7.8125822246,17298.171211995,71.5627958443,0.1015449516,172.419787092,-50.4112712853
12/Dec/1995,06:46:00,310.4,256,6.4434071197,9.1502636875,17447.5075650317,71.6632164114,0.1334970976,146.3516134703,-49.7672380933
12/Dec/1995,06:47:00,309.2,290,6.3753117593,9.7442383066,17609.1962587637,71.7952078141,0.149109066,146.4385306478,-50.5402812932
12/Dec/1995,06:48:00,309.2,289.9,6.440838958,10.6932044052,17787.8443321589,71.9425281136,0.2823976857,146.4551022256,-50.2346594454
12/Dec/1995,06:49:00,310.7,290.1,6.430188847,11.2836767796,17809.6296655715,72.2241804057,-0.1099018351,146.945100372,-49.173832776
12/Dec/1995,06:50:00,309,289.5,6.46184148,11.7444538389,17482.62546793,72.1121453389,-0.2839649638,121.7779125801,-49.1147230765
12/Dec/1995,06:51:00,309.1,318.6,6.4143074899,9.1629915307,17075.769663528,71.8214777506,-0.2700140567,30.4839419137,-49.6631604968
12/Dec/1995,06:52:00,311,360,6.3932011394,7.4111717049,16644.9381795505,71.5445237177,-0.2587892237,13.0762472291,-50.2667136341
12/Dec/1995,06:53:00,309.6,0,6.4904326993,9.1933751305,16201.4617692322,71.2786867165,-0.2818369041,13.107571903,-50.5195358346
12/Dec/1995,06:54:00,309.4,33.4,6.4880223289,10.071022526,15744.3953157022,70.9887164148,-0.290656771,13.5724528752,-51.2393280193
12/Dec/1995,06:55:00,310,50.9,6.4194115495,10.5782675543,15287.3174268823,70.6894197269,-0.2958123663,12.8101075653,-51.1867904469
12/Dec/1995,06:56:00,310.2,50.5,6.4484423962,10.9567337358,14826.169851871,70.3844599315,-0.3305802154,12.9570640719,-51.7502314499
12/Dec/1995,06:57:00,310.2,49.7,6.4850430199,11.0303001076,14363.9456016391,70.043317338,-0.3460371648,12.6284466313,-51.6805045417
12/Dec/1995,06:58:00,309.8,50.3,6.4091595324,11.1905774972,13900.1797581152,69.6858180687,-0.3534178725,11.7951789964,-51.4084972782
12/Dec/1995,06:59:00,310.4,49.8,6.4167110359,11.2247592391,13429.7322915141,69.3201079379,-0.3793468274,11.6964272168,-52.6763249808
12/Dec/1995,07:00:00,310.1,49.8,6.4018031635,11.2429097212,12967.286890788,68.927333273,-0.4269856602,11.2296156222,-53.788491804
12/Dec/1995,07:01:00,310,50.4,6.4515864596,11.4689820053,12505.7568446031,68.4847205438,-0.470245781,11.3308008821,-54.1582334746
12/Dec/1995,07:02:00,309.6,50.1,6.4696222068,11.3190990586,12041.40459238,67.996497702,-0.4849008347,10.3236588516,-54.4392040164
12/Dec/1995,07:03:00,310,50.3,6.388507072,11.3637477868,11581.3160232808,67.4924945837,-0.5371090121,9.5965796276,-55.1933413037
12/Dec/1995,07:04:00,310.5,49.7,6.403644949,11.4377382516,11122.3840037248,66.9334195877,-0.5646162272,9.9832236202,-55.3475000129
12/Dec/1995,07:05:00,310.4,50.4,6.4744802438,11.32667927,10668.7086379033,66.3450032607,-0.6230454706,8.7549802273,-54.9175515598
12/Dec/1995,07:06:00,309.3,50.8,6.4937961635,11.3689016088,10207.6796480359,65.6940634009,-1.1212908849,8.8249642317,-50.0441924178
12/Dec/1995,07:07:00,310,49.8,6.4891420607,11.2054776587,9745.9182007415,64.5202330097,-2.0112488311,7.8160353842,-30.7850354502
12/Dec/1995,07:08:00,310.2,50.5,6.0031658991,11.3395316739,9399.9441076105,62.435939838,-1.8162409602,-7.8160507175,-9.3138017211
12/Dec/1995,07:09:00,310,49.9,5.8675552411,10.956642226,9061.8838849449,60.5530108181,-1.8249218513,-53.0345876028,0.3977828258
12/Dec/1995,07:10:00,310.4,50.3,5.9829679173,9.7060704864,8730.3382620898,58.6599155113,-1.9395801055,-59.117491747,0.8804961951
12/Dec/1995,07:11:00,310,68.1,6.1195118383,10.1090502227,8395.4041589267,56.6441184332,-2.1580609318,-61.8095891795,-1.3873105689
12/Dec/1995,07:12:00,309.5,125.3,6.1300015636,10.6487211554,8070.3607218589,54.4003115977,-2.3568025767,-62.4517470696,-3.8023261427
12/Dec/1995,07:13:00,310.5,129.7,6.2224412552,10.8959107094,7759.9397133792,51.9503786433,-2.5905450246,-65.4188648168,-6.9936824367
12/Dec/1995,07:14:00,310.3,130.6,6.2673691225,11.0953884886,7458.9771937723,49.256382002,-2.739186019,-68.0289693207,-8.2160270339
12/Dec/1995,07:15:00,309.5,129.3,6.2975469582,11.1513442692,7177.6328555819,46.4108371481,-2.9699505563,-70.0743383948,-10.4794175853
12/Dec/1995,07:16:00,309.2,130.3,6.3509348702,11.2769536219,6905.4390939446,43.3246802429,-3.2264567474,-73.274781022,-14.8398793451
12/Dec/1995,07:17:00,309.5,130.7,6.3853629491,11.1202385657,6659.3452477039,39.9796112602,-3.5206065836,-74.8475923856,-18.7972073956
12/Dec/1995,07:18:00,309.8,130.3,6.3773008159,11.2931411757,6436.6464302107,36.3374640196,-3.744822477,-78.6400685873,-21.7626441683
12/Dec/1995,07:19:00,309.9,130.8,6.3932350743,11.1825255729,6238.9271385592,32.4739043149,-3.9809329554,-81.9012285314,-25.3981201795
12/Dec/1995,07:20:00,310.3,129.5,6.4089756598,11.3035127255,6078.9513035061,28.3877543045,-4.1982331388,-85.2101115342,-29.5725965457
12/Dec/1995,07:21:00,309.9,130.2,6.3275607141,11.29573394,5945.2657993006,24.0942362043,-4.4239499857,-90.4618471366,-34.5770271965
12/Dec/1995,07:22:00,310.3,130.1,6.3616877705,11.2930287947,5849.0983986625,19.5961860911,-4.5393720254,-93.5668161842,-38.4163543895
12/Dec/1995,07:23:00,309.8,129.7,6.4800007753,11.280184022,5787.6548310781,15.0070085448,-4.6633318058,-97.6307604746,-43.0334075598
12/Dec/1995,07:24:00,309.1,131.2,6.3853700962,11.3722202437,5764.4406355287,10.3230012392,-4.6276427929,-102.2152962434,-48.1385445219
12/Dec/1995,07:25:00,310.1,130.2,6.3722689943,11.3065923273,5780.3385793757,5.7063271602,-4.6540418697,-107.2400516684,-52.7884147963
12/Dec/1995,07:26:00,310.9,129.9,6.4433454918,11.3386946048,5834.2452005618,1.0935113103,-4.5431663364,-111.9978734216,-56.8483059141
12/Dec/1995,07:27:00,310.7,130,6.393324277,11.1285620788,5924.9868478314,0,-4.5007321124,-116.2218261302,-61.5710021148
12/Dec/1995,07:28:00,310.6,130.5,6.4196602073,11.2885293083,6049.2229961094,360,-4.2611750317,-121.5236025781,-66.2311292083
12/Dec/1995,07:29:00,310.8,130.6,6.3749755269,11.2425755271,6210.8371963693,356.6184450519,-4.0339074642,-124.4838540691,-70.2409525935
12/Dec/1995,07:30:00,310.4,130.2,6.409180843,11.4602599749,6399.2810533396,352.2088017406,-3.8253399687,-130.0117572012,-74.1352356315
12/Dec/1995,07:31:00,309.3,130.9,6.3750362826,11.3470149512,6620.6647976549,348.0576626769,-4.0965776539,-133.6286157157,-77.8544263259
12/Dec/1995,07:32:00,302.9,129.3,6.3857783465,11.2704398124,6784.8986897409,344.1420958848,-4.4349243027,-137.8723917932,-81.3834453451
12/Dec/1995,07:33:00,277.1,130.5,6.4329666653,11.4310789844,6832.5055693946,340.4445262051,-4.5443534516,-123.9716713911,-86.0527562562
12/Dec/1995,07:34:00,246.1,129.9,6.3914341884,10.965454131,6919.6177869917,336.4465546484,-4.4969888676,-99.7948048308,-91.4665755285
12/Dec/1995,07:35:00,232.3,130.2,6.4280005249,10.8479765109,7057.3335790138,332.0412237094,-4.4180367063,-103.0435305168,-95.6567008108
12/Dec/1995,07:36:00,229.7,109.3,6.3988704589,11.4223584628,7236.6540861165,327.5525816328,-4.2203717403,-107.9268141024,-99.5983075036
12/Dec/1995,07:37:00,229.9,71.5,6.3042388384,11.7657313371,7456.2128447191,323.1420266937,-3.9557886634,-111.9102515456,-103.4863959448
12/Dec/1995,07:38:00,230.2,70.1,6.3910331158,12.0959487738,7712.3640312307,318.8323631478,-3.7563921919,-116.3768514937,-107.4765451072
12/Dec/1995,07:39:00,230.9,70.6,6.4830799343,12.2213826158,7998.0052325889,314.7355789433,-3.4789843423,-120.7658130049,-110.8727287961
12/Dec/1995,07:40:00,229.4,70.1,6.3989927277,12.2625144527,8315.7811172979,310.9109419075,-3.2091168624,-123.566439513,-114.4882795325
12/Dec/1995,07:41:00,228.7,70.3,6.3937936582,12.330973813,8661.6225616361,307.2887522132,-2.9712061267,-127.9082029204,-117.6451954115
12/Dec/1995,07:42:00,230.1,70.6,6.3595992277,12.250626491,9029.7797486896,303.9430638217,-2.7106714118,-131.3528997072,-120.1996801386
12/Dec/1995,07:43:00,230.8,69.3,6.3596293685,12.3312777994,9415.4088536606,300.8626657569,-2.4984060321,-134.0854404915,-122.7986587323
12/Dec/1995,07:44:00,230.1,70.2,6.4122509814,12.3607112412,9820.7092904897,298.013332935,-2.2928667551,-137.1381514542,-125.3791392271
12/Dec/1995,07:45:00,229.7,70.3,6.4201809762,12.2529732845,10239.5370286438,295.414522622,-2.1263273629,-139.8142764902,-127.6208379521
12/Dec/1995,07:46:00,229.9,69.9,6.3649932121,12.3156688435,10670.8755887585,293.0201173843,-1.9387186115,-142.0529936326,-129.3546880333
12/Dec/1995,07:47:00,230.6,70.2,6.4204253077,12.1900899476,11119.4004000578,290.8219476579,-1.8052959671,-143.729499221,-130.8907679982
12/Dec/1995,07:48:00,229.9,70.2,6.4677476373,12.2009359198,11575.5768352293,288.7824831994,-1.6632816497,-146.7036887791,-133.5116524331
12/Dec/1995,07:49:00,229.9,70,6.3520945369,12.3297352409,12047.8888717354,286.9228599288,-1.5215377299,-148.0475366922,-134.2596741524
12/Dec/1995,07:50:00,230.5,69.5,6.4519381064,12.2629319939,12520.6534920115,285.1895762072,-1.4109955641,-149.9481528065,-135.8605541186
12/Dec/1995,07:51:00,230.4,70.6,6.4466404506,12.3588487338,13006.1663283876,283.592334409,-1.3228706952,-151.6157449717,-137.6071256317
12/Dec/1995,07:52:00,229.8,69.9,6.4362813699,12.2204655701,13495.2476723974,282.1290396273,-1.2388684364,-153.4380936503,-138.4051670935
12/Dec/1995,07:53:00,230.2,70.1,6.4388082626,12.2770542605,13989.8951176073,280.7714671579,-1.1535903982,-153.9045520125,-140.0327930309
12/Dec/1995,07:54:00,230.4,70.3,6.4679356392,12.2220367821,14493.6510593119,279.4972580036,-1.0423038353,-155.0327345321,-141.5122110964
12/Dec/1995,07:55:00,230.2,70.7,6.4678259554,12.2594086691,15001.3797908684,278.3028774382,-0.7061277614,-156.1961654242,-141.8939355619
12/Dec/1995,07:56:00,230.3,69.6,6.4257598879,12.3477820764,15518.605033963,277.19003007,-0.0726473152,-158.257123991,-142.8672549789
12/Dec/1995,07:57:00,230.2,69.4,6.4442922837,12.1779967286,15993.3409009159,276.1835980941,-0.0431918088,-170.2697376236,-142.5161595976
12/Dec/1995,07:58:00,229.7,69.4,6.4127017853,11.8005648681,16475.6749625935,275.5014130225,-0.0487732657,-180,-142.6975113352
12/Dec/1995,07:59:00,230.1,70.5,6.4758227325,10.7537252564,16972.7572875632,275.4309294334,-0.0311070472,180,-142.7799638945
12/Dec/1995,08:00:00,231,85.1,6.4206369374,11.0861447966,17472.5698952038,275.3889899107,-0.0182429925,162.4540301148,-142.8191890179
12/Dec/1995,08:01:00,230.9,120,6.4575834366,11.5222103759,17979.3217857346,275.3416373507,-0.0398247941,161.4260714966,-142.6225955668
12/Dec/1995,08:02:00,230.4,121.2,6.4443422326,11.6100111992,18482.2649966943,275.3114006873,-0.11271693,162.6700723655,-143.0066374574
12/Dec/1995,08:03:00,230.2,119.6,6.4286424261,11.8881245285,18998.8258621358,275.2936444382,-0.4984844032,161.8388452331,-143.3438165268
12/Dec/1995,08:04:00,230.3,120.5,6.4128681421,11.6988118376,19526.1991291742,275.2548901906,-0.5025354942,161.8659337564,-143.7421029573
12/Dec/1995,08:05:00,230.1,120.4,6.4050016711,11.8937174782,20061.3095531486,275.145274596,-0.4806028433,162.5120884764,-144.187639593
12/Dec/1995,08:06:00,230.4,119.7,6.4366426718,12.0000434829,20598.2776586391,274.6605459407,-0.4571083313,166.8764171246,-144.8288161699
12/Dec/1995,08:07:00,230.5,114.3,6.4604197889,12.2659397416,21143.4108827994,274.1717122299,-0.4319501528,180,-145.4028353393
12/Dec/1995,08:08:00,230.1,87,6.4277010685,12.2968834639,21688.3598170163,273.703923531,-0.3781156971,-180,-150.2431230947
12/Dec/1995,08:09:00,230.1,85.1,6.356099833,12.481957118,22242.6773888132,273.2588731239,-0.1726451732,-172.7534167429,-171.842081832
12/Dec/1995,08:10:00,230.3,84.8,5.5627142578,12.4066095904,22821.5386956713,272.8380346259,0.0507351931,-171.7871210561,-180
12/Dec/1995,08:11:00,230.5,84.8,4.5170489688,12.4462163029,23364.3404879197,272.4695702572,0.1759002205,-172.0514602227,180
12/Dec/1995,08:12:00,230,84.9,4.3614199958,12.5232560425,23830.5591396319,272.3014122899,-0.0970019005,-172.5753285048,160.0103869607
12/Dec/1995,08:13:00,229.7,84.7,4.6531939333,12.422585494,24023.1473116312,272.3509441518,-0.0686643712,-173.0903059889,125.3117046003
12/Dec/1995,08:14:00,230.7,85.4,4.9002060921,12.5677986237,23848.9378787153,272.5233046775,0.1163605488,-173.338247846,91.0611982515
12/Dec/1995,08:15:00,229.8,85.1,4.9923970582,8.3738940169,23551.1117068901,272.4271664709,0.0917028778,-174.188675654,79.763543497
12/Dec/1995,08:16:00,229.9,84.6,5.1326941887,7.3150008686,23222.7839709804,272.358068733,0.0909800237,-174.2373128396,79.1203702327
12/Dec/1995,08:17:00,230.3,41.3,5.1207766382,9.3033705162,22876.402513823,272.4758442412,0.0758423109,-173.7710005595,78.2825775041
12/Dec/1995,08:18:00,229.9,0,5.2351161231,10.2934430547,22524.2953751653,272.5688050928,0.0899142322,-137.4108833984,78.558139265
12/Dec/1995,08:19:00,230.3,360,5.2977880405,10.8960339751,22166.7304424714,272.6611261364,0.0934655062,-48.8872534413,79.6844512723
12/Dec/1995,08:20:00,230.7,329.3,5.2963264727,11.2422901926,21798.0630626044,272.7381286817,0.096964362,-20.4071893158,79.2161373564
12/Dec/1995,08:21:00,230,299.4,5.3514403308,11.3281554585,21433.196250042,272.8294596078,0.0982465536,-20.8755277429,79.2643038041
12/Dec/1995,08:22:00,230.4,300.1,5.3618548454,11.670995655,21059.4738598586,272.9244709552,0.0980352183,-20.6174397765,80.3854258852
12/Dec/1995,08:23:00,229.9,300,5.3291146312,11.6492407434,20682.5924416712,273.0230496781,0.0966099725,-21.1568481161,78.0605566309
12/Dec/1995,08:24:00,230,300.6,5.3021535553,11.7160489659,20310.5514138518,273.1230035412,0.110103947,-20.6676412979,79.0092823538
12/Dec/1995,08:25:00,230.1,300.2,5.3410111527,11.9094257112,19941.9475142372,273.2227902662,0.1040258136,-20.2227023183,79.6368989962
12/Dec/1995,08:26:00,230,299.8,5.3082751436,11.8276386277,19565.4645245382,273.3211368243,0.1114705929,-20.2267134673,79.5618285007
12/Dec/1995,08:27:00,229.8,299.9,5.2603390918,11.6659371968,19190.2822424161,273.4332343526,0.1109969332,-20.2012001563,79.7761179454
12/Dec/1995,08:28:00,230.2,300,5.3701586529,11.9630055984,18816.5127274012,273.5392258042,0.1286669013,-20.1208564791,79.0740102561
12/Dec/1995,08:29:00,230.5,300,5.3594585942,11.8336326507,18447.4225925406,273.6528352745,0.1364348044,-20.3498097584,79.4701057193
12/Dec/1995,08:30:00,230.3,300.4,5.3518293075,11.8289624821,18079.9334564277,273.7659977315,0.1329571499,-19.7949885247,80.1848507723
12/Dec/1995,08:31:00,230.3,299.9,5.3253267634,11.7148018126,17704.8919500675,273.8971894632,0.1451836246,-19.9611169289,80.7979503753
12/Dec/1995,08:32:00,230.6,300.2,5.2926540552,11.7028623392,17323.516009638,274.03634383,0.1559925582,-19.6514830319,80.8162878174
12/Dec/1995,08:33:00,230.6,299.9,5.2752327452,11.9552417916,16953.5664140017,274.1720674726,0.1465254695,-19.6002737167,79.8578997632
12/Dec/1995,08:34:00,235.6,300,5.3323499236,12.0273569729,16582.2184974905,274.3203898765,0.0453648451,-19.5673571148,81.4653795985
12/Dec/1995,08:35:00,262.5,300.1,5.3594418371,11.794904445,16251.7579365931,274.4797229034,-0.2706984652,-19.3014898761,81.4783289695
12/Dec/1995,08:36:00,298.9,300,5.34510479,11.8749677241,16091.8286043621,274.6294741246,-0.3020265264,-19.1653727834,81.3607905925
12/Dec/1995,08:37:00,334.4,300,5.3021140156,11.0227597454,15930.3142740437,274.675778111,-0.3284250523,-18.3657319965,81.5773089171
12/Dec/1995,08:37:00,360,299.1,5.3679592107,8.9424421217,15761.431977654,274.4026231338,-0.3374636661,-18.3178859813,81.9818903467
12/Dec/1995,08:37:00,0,299.3,5.3496912562,9.2069543077,15591.9115882203,274.0977856639,-0.3586852588,-18.7305271699,80.3402223472
12/Dec/1995,08:38:00,1.1,300,5.2836798421,9.3795663748,15418.742250924,273.7661059015,-0.3814542539,-26.0850842012,80.2824810167
12/Dec/1995,08:39:00,9.4,308.6,5.3811920975,9.480709313,15244.8771794175,273.4252395593,-0.3755810153,-60.558650512,80.3030150181
12/Dec/1995,08:40:00,9.9,341.1,5.3657932866,9.6607959049,15067.867000761,273.0628014568,-0.3760627295,-60.8290598598,79.6704635021
12/Dec/1995,08:41:00,10.6,341.1,5.384210141,9.7268903121,14890.4681423098,272.6772817885,-0.3962038878,-60.7469360575,78.6180899717
12/Dec/1995,08:42:00,10.5,340.8,5.3983490151,9.7111641779,14717.1030627962,272.297565018,-0.397173569,-61.0565815304,78.9107363028
12/Dec/1995,08:43:00,9.7,340.8,5.35732059,9.6939344746,14544.5217719051,271.9172934926,-0.4364067972,-60.8048112939,78.1713314091
12/Dec/1995,08:44:00,10.1,340.3,5.3895473641,9.717791168,14395.765711264,271.516701479,-0.3530522865,-61.1737384671,77.6049381407
12/Dec/1995,08:45:00,10.1,340.3,5.3344477566,9.6556731015,14479.2261700818,271.1150893565,0.0237445021,-61.2107418004,78.1144803275
12/Dec/1995,08:46:00,9.4,340,5.3776543143,9.5821534521,14728.9293637619,270.6744658562,0.0214679608,-60.8674760047,77.1456360091
12/Dec/1995,08:47:00,11.2,339.5,5.3917144257,9.0139727014,14990.3583804164,270.3236795013,0.0638629059,-62.2947683821,76.9597801628
12/Dec/1995,08:48:00,10.5,340.3,5.3625601528,10.5584146088,15273.9034525602,270.3470097543,0.0602335066,-62.6399256265,76.889552696
12/Dec/1995,08:49:00,10.2,340.3,5.2988588976,10.9348134621,15561.7506846909,270.3680933148,0.0622674219,-67.1349806197,76.743884643
12/Dec/1995,08:50:00,10.3,343.5,5.3434103711,11.4401993225,15859.350549354,270.4307341982,0.0466021215,-115.6385030418,76.7311583837
12/Dec/1995,08:51:00,10.2,360,5.3617542784,11.5593453357,16155.7751467258,270.489819952,0.0503732565,-151.7185681251,77.3440416047
12/Dec/1995,08:52:00,10.8,0,5.366968722,11.7541392349,16452.5084639067,270.5508845671,0.0540398097,-152.4428602026,77.720758545
12/Dec/1995,08:53:00,10.6,20.1,5.3420233527,11.7695931279,16746.9782444471,270.5966077831,0.0414100566,-155.7039686302,76.4871612969
12/Dec/1995,08:54:00,10.1,54.2,5.329015868,11.865006644,17045.7062815152,270.6460467056,0.0440612106,-156.0113022062,76.7547153156
12/Dec/1995,08:55:00,9.8,55.1,5.3766673383,11.7639557087,17345.8854823287,270.6991086477,0.0518334895,-156.8418441507,77.4577811974
12/Dec/1995,08:56:00,9.8,58.9,5.3938777267,11.8674338926,17643.820113003,270.7397738238,0.0380490893,-155.9125583373,77.158277223
12/Dec/1995,08:57:00,10.7,59.4,5.3059894914,11.9120507664,17941.9890426922,270.7830520474,-0.1879836392,-156.3825505209,76.9177124385
12/Dec/1995,08:58:00,9.6,60.4,5.3908315336,11.8584040712,18075.1787474713,270.8339853182,0.001020358,-156.3356644889,77.1152879402
12/Dec/1995,08:59:00,9.8,59.4,5.4686314103,11.9130837301,17841.5115366512,270.871386414,0.1541782637,-156.022495119,78.3605969314
12/Dec/1995,09:00:00,9.9,60,5.3759594379,8.9160218602,17520.9522436027,270.6849173175,0.1158561184,-156.3877102716,76.6541622004
12/Dec/1995,09:01:00,9.8,60,5.3462374164,8.2063524009,17170.5437530267,270.685957468,-0.0080716498,-156.4972005628,77.7573760028
12/Dec/1995,09:02:00,9.3,59.7,5.7675594927,9.9709795525,16744.0053505904,270.8428626282,-0.258246507,-155.8249888978,74.9318852332
12/Dec/1995,09:03:00,10.3,60.2,5.7521651772,10.7412197621,16248.65281218,270.9610153467,-0.561311867,-127.1903743846,50.5384562351
12/Dec/1995,09:04:00,10,60.4,5.156486714,11.2334672781,15743.3415260377,270.9527513276,-0.830876981,-39.6353643258,19.7665350421
12/Dec/1995,09:05:00,9.8,59.6,5.0199873774,11.4956429255,15280.5335732237,270.6868070826,-1.0099706989,-22.3391890965,-7.006049775
12/Dec/1995,09:06:00,10,30.1,5.2213489999,11.5761019839,14857.000055391,270.1078417525,-1.0994653652,-22.1169912232,-34.1139857913
12/Dec/1995,09:07:00,10.6,0,5.2990269747,11.6804841299,14437.897134432,269.2523149636,-1.1777917195,-21.9876557625,-51.7247860717
12/Dec/1995,09:08:00,9.9,360,5.4446018877,11.7103309654,14018.4121435814,268.2141588749,-1.235492094,-22.4718505819,-54.7866667281
12/Dec/1995,09:09:00,10.3,318.9,5.7710114043,11.7573808174,13596.6642151849,267.083426325,-1.1619800353,-22.6192552421,-56.4227693026
12/Dec/1995,09:10:00,10.4,299.8,5.926488212,11.9488740251,13131.3027702535,265.8710725748,-0.9017178891,-22.6582693483,-53.3041847478
12/Dec/1995,09:11:00,9.7,299.7,5.387620198,11.8332378893,12634.6854529169,264.5979618009,-0.6341338333,-24.0904760781,-34.3130601019
12/Dec/1995,09:12:00,10.1,299.7,4.5354458442,11.8495376653,12160.7006274051,263.3954693111,-0.4253729198,-24.9766953679,-8.5384469719
12/Dec/1995,09:13:00,10,300.3,4.6229056867,11.8096062086,11749.0481763805,262.4588328911,-0.3074587049,-25.7666477737,16.2106198452
12/Dec/1995,09:14:00,10,300.1,4.8115846181,11.8546201442,11377.587277859,261.8003320899,-0.2805745623,-27.2677895798,46.0319605082
12/Dec/1995,09:15:00,10.2,299.5,4.8967978165,11.9259724031,11010.4751463052,261.3602549364,-0.2922015138,-28.612404791,63.4953225312
12/Dec/1995,09:16:00,10.3,300.2,5.0472103256,11.7318377054,10646.6189801039,261.0428706224,-0.292058395,-29.4760901334,67.1089815208
12/Dec/1995,09:17:00,9.8,300,5.1679793367,11.8045960014,10274.0131597871,260.7530299324,-0.2975891878,-30.5833407064,67.1781064901
12/Dec/1995,09:18:00,9.5,299.6,5.2340846635,11.7428878066,9903.8191323492,260.4509339729,-0.2997332565,-31.2526600724,65.6615592695
12/Dec/1995,09:19:00,10.6,299.9,5.1887246933,11.8424528257,9534.4484282334,260.1483712108,-0.1253908305,-31.7777909639,65.5000247025
12/Dec/1995,09:20:00,10.4,300,5.2760308008,11.7642770996,9148.1237783558,259.8397448227,0.4635754705,-31.8916400173,66.8428881742
12/Dec/1995,09:21:00,9.8,299.6,5.2961386716,11.8454527406,8713.1153075983,259.5284825188,0.2655195081,-32.6274967191,67.7786224772
12/Dec/1995,09:22:00,10.2,299.8,5.2887647274,11.8890784343,8310.1748949019,259.397772337,-0.6019147996,-32.4586145813,65.885977865
12/Dec/1995,09:23:00,10.4,299.8,5.2904980828,12.1882640708,8132.6016846517,259.8841106628,-0.7892192124,-33.134094195,65.4949580286
12/Dec/1995,09:24:00,10.2,299.9,5.2980519474,11.4122404246,7997.727883361,260.1622436602,-0.8865894269,-33.2212907783,65.6490487826
12/Dec/1995,09:25:00,9.3,299.7,5.2750940494,8.4432994281,7861.0422386265,259.5474461459,-0.9805893948,-27.4411317586,66.7951558535
12/Dec/1995,09:26:00,10.5,300.2,5.2984328148,8.7973086279,7718.7233893003,258.7452665531,-1.0708345833,-11.4484199657,66.627409246
12/Dec/1995,09:27:00,9.6,299.6,5.2374374299,9.1773323978,7579.1948595536,257.8436482237,-1.1078110339,-17.9218753338,63.9156102744
12/Dec/1995,09:28:00,11.9,300,5.2786904794,9.386451292,7442.7107488276,256.8454006629,-1.1619250006,-64.8810100577,62.3598663002
12/Dec/1995,09:29:00,32.1,299.8,5.3109285933,9.5977567036,7311.206632377,255.7553018963,-1.2189480071,-74.7968539336,63.5991438912
12/Dec/1995,09:30:00,65.2,292.3,5.3356613599,9.6746110061,7178.7641515753,254.6276263406,-1.2245987843,-75.1334895129,61.9501144863
12/Dec/1995,09:31:00,100.5,271,5.3276881841,9.7183523812,7057.123417256,253.4452601624,-1.2643061445,-75.6528253004,59.304531318
12/Dec/1995,09:32:00,132.6,280.4,5.3247759905,9.7403562627,6934.2697469626,252.2042903963,-1.3409530065,-77.3403310092,59.2564874883
12/Dec/1995,09:33:00,149.1,332.7,5.3514586752,9.6367752925,6811.9652967103,250.9590363596,-1.3973922181,-77.2428519705,59.419549044
12/Dec/1995,09:34:00,150.9,340.4,5.3195301663,9.7190511886,6694.6790259312,249.6727814448,-1.4075707731,-79.1740694189,54.9522676404
12/Dec/1995,09:35:00,151.3,340,5.3246163352,9.661908302,6585.190491995,248.3082202271,-1.4781564168,-80.3598540405,53.7654313863
12/Dec/1995,09:36:00,147.4,339.8,5.3810551137,9.7207713847,6481.5596383778,246.8868155999,-1.5072190786,-82.4617795776,54.7177749004
12/Dec/1995,09:37:00,126.8,340.3,5.2964286598,9.6822822206,6377.6258900359,245.456295793,-1.5720265857,-82.1745241984,52.0721694095
12/Dec/1995,09:38:00,92.8,339.4,5.2945801483,9.7016599006,6283.8523821617,243.9549664854,-1.6430989637,-84.2722743485,49.901600179
12/Dec/1995,09:39:00,59.1,340,5.3924834699,9.636562197,6193.0290373841,242.4236392925,-1.6656786116,-85.8675092024,50.9181445353
12/Dec/1995,09:40:00,28,340,5.3020370878,9.7792910679,6103.1844505303,240.8286030718,-1.702490996,-86.8127219459,47.8825730302
12/Dec/1995,09:41:00,13.4,340.7,5.2706471657,9.7759722213,6027.7476708854,239.1618602946,-1.7633403373,-89.0907226541,44.6313315962
12/Dec/1995,09:42:00,10.3,339.4,5.3386372348,9.6544654679,5956.8287809122,237.4721080553,-1.6777735121,-90.1634906358,45.6725731277
12/Dec/1995,09:43:00,10.2,340.1,5.2792748277,9.7355223165,5713.5131884359,235.7487437749,-1.3887015377,-91.3160355538,43.4659785856
12/Dec/1995,09:44:00,11,340.3,5.3364675892,9.7385246602,5347.8173132356,233.9648412648,-1.7774684996,-93.0834874705,40.412976958
12/Dec/1995,09:45:00,11,339.9,5.4056875195,9.909259601,4972.6605748335,232.2160384192,-2.0794391632,-95.0095675468,39.0259946345
12/Dec/1995,09:46:00,9.7,340.6,5.327959611,11.0383643442,4597.4584324813,230.7327570803,-2.4981550775,-96.9304706112,37.2778773896
12/Dec/1995,09:47:00,8.7,340.2,5.3616201696,11.745515052,4227.5399151777,228.8216157613,-3.1073548034,-98.4813288495,35.0372451664
12/Dec/1995,09:48:00,10.1,340,5.4337610978,11.8975278255,3866.4616628578,226.5728634838,-3.6341255272,-66.8084677036,33.5058979041
12/Dec/1995,09:49:00,10.7,340.1,5.2924823378,12.1717596942,3515.8739780271,223.8563291827,-4.4630555315,-45.0181065207,29.7525853549
12/Dec/1995,09:50:00,10.8,340.3,5.3495273142,12.4267827214,3192.581966299,220.4584209196,-5.411668991,-47.0965431346,27.2494117961
12/Dec/1995,09:51:00,9.5,340.5,5.3810064715,12.4511625264,2889.7048759426,216.4606420798,-6.606047289,-48.7612629954,23.6137805154
12/Dec/1995,09:52:00,9,340.3,5.2683900286,12.5207153909,2627.4689642782,211.5421172967,-7.9971727934,-50.7907345093,18.4274271351
12/Dec/1995,09:53:00,10.4,308.8,5.3094440056,12.5986647533,2422.8209713199,205.5555068188,-9.3918375601,-54.239251251,11.5042097588
12/Dec/1995,09:54:00,10.8,279.6,5.339384418,12.4878005464,2276.4925566213,198.2745166011,-10.8025718655,-56.8782209062,4.643579921
12/Dec/1995,09:55:00,9,280.4,5.3496419801,12.5100659396,2214.5183206533,189.5732865935,-11.3648866084,-61.3427940698,-4.0529624741
12/Dec/1995,09:56:00,9.5,280,5.3997658757,12.4961806189,2238.7197787503,179.5321594455,-11.0826900499,-65.387367693,-14.9383431256
12/Dec/1995,09:57:00,10.6,279.8,5.4250760255,12.6476894591,2340.9471166381,168.3631716845,-10.175172772,-71.7594921019,-25.6693197562
12/Dec/1995,09:58:00,9.6,280.7,5.3440309419,12.6227993665,2514.4247502044,157.0545737228,-8.7470173142,-79.4893778054,-35.5318982195
12/Dec/1995,09:59:00,8.6,279.8,5.3300254417,12.6239547087,2753.6757382156,146.4010064909,-7.2682937143,-87.3671195675,-47.3314122759
12/Dec/1995,10:00:00,11,280.4,5.3227921832,12.5126035853,3032.6836054254,136.8900816664,-5.9966243563,-98.1467412265,-57.7722172145
12/Dec/1995,10:01:00,10.9,279.1,5.2997018332,12.5387176509,3348.2923239662,128.8820009305,-4.3931453667,-109.4225781964,-64.2803013127
12/Dec/1995,10:02:00,9.1,279.7,5.2343178347,12.5228127092,3682.48195114,122.2719248456,0.2061687354,-120.4556956422,-71.9349246341
12/Dec/1995,10:03:00,10,280.3,4.9918075868,12.525423343,3794.1620351101,116.8358722689,1.2532858703,-130.8070933656,-76.8147707014
12/Dec/1995,10:04:00,10.4,279.2,5.3923066901,12.1616648141,3550.4037378953,112.840785889,2.9200910692,-140.9020811874,-77.4571937546
12/Dec/1995,10:05:00,8.6,280.2,5.9781768368,7.2997837959,3187.9033589872,113.0409882992,5.2381688524,-148.6892801246,-53.7631061901
12/Dec/1995,10:06:00,9.7,280.4,6.4166088262,8.3567624095,2810.3604087007,114.3798324545,7.3919930163,-155.3900702859,-14.9835789269
12/Dec/1995,10:07:00,10.9,280,6.6082315303,9.8741053883,2464.3572904184,117.6318524386,8.6404977496,-164.9785069076,10.9107582558
12/Dec/1995,10:08:00,8.8,279.5,6.3764909366,10.7658186273,2089.8071404853,123.5808032479,6.8509105454,-180,23.0747557408
12/Dec/1995,10:09:00,9.2,280.4,5.3543928006,11.0995533811,1659.5047271228,132.0361487256,3.4491439911,180,30.9558491853
12/Dec/1995,10:10:00,10.1,280,4.3904503027,11.465631858,1269.2518319518,142.2733506313,1.185179713,130.6494805525,34.6550511741
12/Dec/1995,10:11:00,9.8,280.2,4.4619289966,10.3229092072,932.8499044089,150.9280919161,-3.681926841,53.4504963929,22.0605461123
12/Dec/1995,10:12:00,10,285.6,5.3123959799,7.903478438,675.9578274557,155.4394731657,-6.2762246832,47.2656546187,-9.5177614208
12/Dec/1995,10:13:00,10.3,346.6,5.7901246879,6.7665595426,523.3851000167,157.0513728303,-7.7321828471,50.4784925331,-50.6641893382
12/Dec/1995,10:14:00,9.7,360,5.3334068114,5.7812278944,440.732244999,151.967037055,-13.1085284749,56.2059305555,-88.1101214422
12/Dec/1995,10:15:00,10.5,0,4.0393414338,5.7327671947,352.7632410464,143.8396221664,-16.9336982677,48.8483462827,-112.3719779684
12/Dec/1995,10:16:00,9.9,51.5,4.3192761633,5.922140601,211.9512623289,134.6239548525,-29.0847624268,25.6247763492,-113.6992818224
12/Dec/1995,10:17:00,9.6,60.1,5.3416296814,5.7043656082,112.8955688445,118.0260672923,-88.9837529244,8.9048419494,-93.0397301547
12/Dec/1995,10:18:00,9.8,60.2,6.4750468787,5.7011908058,188.7780625526,88.5813683232,-43.3469719153,13.4686442169,-86.0035614996
12/Dec/1995,10:19:00,10.4,60.5,6.1253532189,5.5128840688,280.068863725,16.3284815617,-26.4783721726,15.1425492597,-116.1896673271
12/Dec/1995,10:20:00,10.2,80.7,5.5031966788,3.8421557193,311.5556979172,0,-28.0548405248,30.5298753846,-144.8354059466
12/Dec/1995,10:21:00,10.1,124.3,5.4716139163,3.71191097,290.9580895385,360,-41.6839215062,31.1961348703,-138.7483477824
12/Dec/1995,10:22:00,10.8,150.1,7.1089750275,4.4986336582,265.9646711671,308.1745380077,-52.1867343672,16.4877854616,-121.8187949919
12/Dec/1995,10:23:00,10.5,150,8.8426289735,4.9733761557,328.2904444158,277.5361137521,-25.1138713011,6.6285732873,-92.4344925115
12/Dec/1995,10:24:00,9.4,149.9,5.9418077005,4.6478174163,446.5125631734,253.0064236178,11.8506282166,8.6098397662,-108.0700227527
12/Dec/1995,10:25:00,10.2,129.7,5.5747589791,3.7963565825,448.8995224,221.407012204,24.839099375,-13.2936984509,-150.6769390487
12/Dec/1995,10:26:00,11,119.5,8.5701771853,4.6618659355,281.2510709576,168.7159285669,61.153762344,-13.9503487382,-180
12/Dec/1995,10:27:00,9.7,126,6.2178698025,5.4383738715,301.4672388579,121.2024518073,51.1063832698,-1.9317500788,180
12/Dec/1995,10:28:00,10.6,118,7.6384703487,5.4185322631,328.269453199,102.4148877268,59.1230349725,-3.0311945244,151.1354596331
12/Dec/1995,10:29:00,10.1,76.4,8.1907438268,4.7708620096,386.9200817584,114.2795647674,51.7023631621,-17.359761806,60.5753465084
12/Dec/1995,10:30:00,7.6,22.8,7.1881426763,4.5634536667,463.3774558466,158.0282311441,30.6480888914,-16.6046206959,63.3431733935
12/Dec/1995,10:30:00,0,0,8.2687282941,6.7549851148,352.7485672511,242.3662335381,38.4266320852,-4.0389175593,91.5230609051
12/Dec/1995,10:30:00,360,360,7.6384339523,5.4697999871,261.5603742826,297.31349361,2.2561095201,1.2827460887,99.4446202231
12/Dec/1995,10:31:00,350.2,330.1,6.8623887305,6.9618159862,365.6203768824,358.3483599892,-28.9358683937,15.4684225827,102.0492197983
12/Dec/1995,10:32:00,317.9,282.6,6.8327240362,7.7083103324,355.4076917515,360,-23.1256785952,25.579482364,90.2822489062
12/Dec/1995,10:33:00,291.9,251.6,8.278073535,4.2817816112,225.8464657592,0,-37.8735923317,33.0752727579,89.1723639441
12/Dec/1995,10:34:00,283.9,230.6,6.3186532789,4.1588566564,207.8409222948,47.1996263842,47.2238909557,30.5383557978,179.6964742342
12/Dec/1995,10:35:00,284.8,184,4.5793706686,4.544051859,298.7802938734,91.8051839342,37.2136110618,37.0282218881,180
12/Dec/1995,10:36:00,293,133.8,6.9092878134,5.3385413732,251.3369050489,156.4821105572,50.7590801621,6.9052690901,-180
12/Dec/1995,10:37:00,317.4,105,7.2535890143,4.8932874603,305.9032948803,158.0953057241,-17.6314310861,-4.525730729,-107.9774737394
12/Dec/1995,10:38:00,348.8,102.1,8.2887369525,5.5831179601,387.5618234418,126.8165925243,-33.9571312485,3.9237079814,-75.0755166125
12/Dec/1995,10:38:00,360,141.1,7.788425826,4.4217416652,375.8911720602,87.4150011669,-30.6865447082,7.5864798249,-100.9502986192
12/Dec/1995,10:38:00,0,202.5,7.9986685314,3.679261067,281.1045658198,41.5397769526,-9.7032294302,25.5216000002,-180
12/Dec/1995,10:39:00,21.2,265.7,6.4921533337,3.9116319583,387.194742539,76.498068817,29.220847463,38.097247001,180
12/Dec/1995,10:40:00,52,329.3,5.8872338825,5.0164721909,425.1238072499,126.9966722014,26.8282937386,29.1868563608,149.992566055
12/Dec/1995,10:41:00,71.4,360,8.5314791289,4.3797968139,274.0339340735,173.6672032054,49.9444885934,18.5149906214,99.9841963239
12/Dec/1995,10:42:00,61.7,0,7.8607652034,4.4553277185,242.225136832,159.6194971389,21.762844101,12.6911299474,115.4724968752
12/Dec/1995,10:43:00,24,32.1,8.7613592126,4.6096849486,337.0198383967,121.9816733438,-34.196187361,25.0802390159,180
12/Dec/1995,10:43:00,0,98.7,6.4155564466,4.8505579521,488.3551655736,76.2799186883,-28.4237095186,11.8193935529,-180
12/Dec/1995,10:43:00,360,159,5.7524565763,5.3959392709,661.79693214,69.2219825238,-24.3923816936,13.9837768668,-140.5664210111
12/Dec/1995,10:44:00,356,157.3,6.1036506438,4.8041117069,765.2430704342,96.8805829476,-11.6999233364,10.5462028016,-96.3464966861
12/Dec/1995,10:45:00,321.1,105.3,6.6851051325,3.8193499589,836.2814547117,143.4280993596,2.6246486213,16.0405113504,-82.995879127
12/Dec/1995,10:46:00,274,40.7,7.5764896831,3.9510581393,820.7988506397,243.1856554497,5.3152829998,20.3024992579,-162.9672800219
12/Dec/1995,10:47:00,227.9,9.3,7.7996876615,5.0328499066,643.5808213614,259.0179678439,-3.4960232087,14.6186727752,-180
12/Dec/1995,10:48:00,191.1,49.6,7.0503828425,7.3856966434,353.3541004316,234.7112728546,-23.7072519041,18.8577712712,180
12/Dec/1995,10:49:00,142.5,121.6,6.3714310714,7.9232027376,167.103537725,213.2519388165,-99.6586842181,-29.0503622132,127.3292870352
12/Dec/1995,10:50:00,99.3,155.6,5.4841357615,4.9596897128,333.1636009217,191.6633182225,-29.1769322951,-77.9860917996,55.3911958109
12/Dec/1995,10:51:00,92.7,155.1,4.8006964154,3.8301008327,637.0750587854,180.9012411477,2.1035961363,-121.0411166843,49.7318414165
12/Dec/1995,10:52:00,140,113.9,4.575277821,3.7954759852,1009.7852236691,183.5753001759,9.4097532173,-180,170.9626985777
12/Dec/1995,10:53:00,225.3,58.5,4.3791389642,5.3025160412,1303.2696751627,190.3666095716,7.3917723873,180,180
12/Dec/1995,10:54:00,276.2,44.7,4.2343883871,7.8251036063,1423.3263416172,183.9907244656,7.0172620192,178.4694771653,-180
12/Dec/1995,10:55:00,337.5,71.9,4.1242405995,8.6396907342,1529.4867083121,123.0186272104,5.3631987755,120.9653250342,-151.5066884338
12/Dec/1995,10:55:00,360,137.5,4.05946289,7.5377010928,1619.9703272456,62.3439757455,1.2292985768,85.5949922002,-140.1831789209
12/Dec/1995,10:55:00,0,215.8,4.0553647984,8.1115699947,1581.4671540119,46.9094440573,0.7794819634,46.8059831411,-85.7612005659
12/Dec/1995,10:56:00,13.4,293.6,4.1055774834,7.4038579263,1557.8753255443,48.2357611622,0.6586063634,3.5749727015,-58.312419897
12/Dec/1995,10:57:00,71.6,321.4,4.0855881625,5.7421235982,1549.371389385,55.5413538524,0.8185282992,-60.0595092415,-49.6237432797
12/Dec/1995,10:58:00,145.3,340.3,4.0759783543,5.0869023706,1530.4526615854,62.3208179468,1.8464211788,-138.9651747272,-45.8305176132
12/Dec/1995,10:59:00,181.9,360,3.9860584236,4.7274335685,1489.835204549,68.8607654195,2.9655814917,-180,-38.7991906378
12/Dec/1995,11:00:00,162.4,0,3.9500657605,5.0316147353,1432.3277170365,73.9275646598,4.3030281649,180,-44.8526030459
12/Dec/1995,11:01:00,84.6,9.8,4.0229769297,6.1616877654,1362.025608773,75.1859750959,5.2228304163,163.3968113175,-106.100833467
12/Dec/1995,11:02:00,16.5,51.9,3.9747408973,7.1411868264,1294.4118314238,75.9766809363,6.2918457464,124.7827864546,-158.4794211328
12/Dec/1995,11:03:00,6.2,100.9,3.9396097617,8.187688354,1239.729782525,76.6384010697,7.1878916945,87.8602831687,-162.0605991518
12/Dec/1995,11:04:00,65.5,151.3,4.0408173253,8.6958645925,1202.1921612443,77.4664545645,5.9847520978,87.6790814251,-157.8279408826
12/Dec/1995,11:05:00,162.2,180.3,4.3687375465,9.0069304652,1187.2241500485,79.3622493513,-3.5221993226,87.391314992,-151.5116659586
12/Dec/1995,11:06:00,188.6,182.3,4.5329789661,9.2059053226,,82.4463196362,,45.927687743,-144.4658250208
12/Dec/1995,11:07:00,142.8,196.1,4.710682566,8.1662229646,,86.9731908793,,47.6338804911,-137.9773753959
12/Dec/1995,11:08:00,71.2,236.1,4.9244794592,2,,92.4737362851,,50.5637545779,-132.348642098
12/Dec/1995,11:09:00,19,287.7,3.5,,,99.0533879425,,50.0628349653,-130.9727142775
12/Dec/1995,11:10:00,51.1,334.9,,,,106.4818901237,,50.4643245158,-131.5744043124
12/Dec/1995,11:11:00,130.2,340.7,,,,112.5497549065,,53.026470187,-129.7461199891
12/Dec/1995,11:12:00,213.2,346.1,,,,,,55.8298170799,-129.2761379181
12/Dec/1995,11:13:00,274.8,360,,,,,,59.7120739867,-126.3955513532
12/Dec/1995,11:14:00,246.6,0,,,,,,65.965018717,-123.5634592007
12/Dec/1995,11:15:00,222,21.4,,,,,,72.7117103344,-119.8537141526
12/Dec/1995,11:16:00,191.1,21,,,,,,80.0096802284,-114.2557572801
12/Dec/1995,11:17:00,126.9,19.3,,,,,,92.3497549065,-107.631545463
12/Dec/1995,11:18:00,63.7,20.3,,,,,,,-100.2165503982
12/Dec/1995,11:19:00,41.8,20.6,,,,,,,-93.3481986424
12/Dec/1995,11:20:00,40.7,20.1,,,,,,,
12/Dec/1995,11:21:00,40.5,20.3,,,,,,,
12/Dec/1995,11:22:00,40.1,20.8,,,,,,,
12/Dec/1995,11:23:00,40.4,20.2,,,,,,,
12/Dec/1995,11:24:00,32.6,20.1,,,,,,,
12/Dec/1995,11:25:00,22.2,20.2,,,,,,,
12/Dec/1995,11:26:00,19.8,20.2,,,,,,,
12/Dec/1995,11:27:00,20.7,,,,,,,,
12/Dec/1995,11:28:00,20.5,,,,,,,,
12/Dec/1995,11:29:00,20.5,,,,,,,,
12/Dec/1995,11:30:00,20.1,,,,,,,,
12/Dec/1995,11:31:00,19.9,,,,,,,,
12/Dec/1995,11:32:00,21,,,,,,,,
12/Dec/1995,11:33:00,20.1,,,,,,,,
12/Dec/1995,11:34:00,20.5,,,,,,,,
12/Dec/1995,11:35:00,19.6,,,,,,,,
12/Dec/1995,11:36:00,19.8,,,,,,,,
12/Dec/1995,11:37:00,20.5,,,,,,,,
12/Dec/1995,11:38:00,20.4,,,,,,,,
12/Dec/1995,11:39:00,20.4,,,,,,,,
12/Dec/1995,11:40:00,20.4,,,,,,,,
12/Dec/1995,11:41:00,19.7,,,,,,,,
12/Dec/1995,11:42:00,19.4,,,,,,,,
12/Dec/1995,11:43:00,20.2,,,,,,,,
12/Dec/1995,11:44:00,20.8,,,,,,,,
12/Dec/1995,11:44:00,0,,,,,,,,
12/Dec/1995,11:44:00,360,,,,,,,,
12/Dec/1995,11:45:00,359.2,,,,,,,,
Course,vs,plot,,NELSON,,,,,,
12/Dec/1995,05:00:00,,,,,,,,,
12/Dec/1995,05:01:00,,,,,,,,,
12/Dec/1995,05:02:00,,,,,,,,,
12/Dec/1995,05:03:00,,,,,,,,,
12/Dec/1995,05:04:00,,,,,,,,,
12/Dec/1995,05:05:00,,,,,,,,,
12/Dec/1995,05:06:00,,,,,,,,,
12/Dec/1995,05:07:00,,,,,,,,,
12/Dec/1995,05:08:00,,,,,,,,,
12/Dec/1995,05:09:00,,,,,,,,,
12/Dec/1995,05:10:00,,,,,,,,,
12/Dec/1995,05:11:00,,,,,,,,,
12/Dec/1995,05:12:00,,,,,,,,,
12/Dec/1995,05:13:00,,,,,,,,,
12/Dec/1995,05:14:00,,,,,,,,,
12/Dec/1995,05:15:00,,,,,,,,,
12/Dec/1995,05:16:00,,,,,,,,,
12/Dec/1995,05:17:00,,,,,,,,,
12/Dec/1995,05:18:00,,,,,,,,,
12/Dec/1995,05:19:00,,,,,,,,,
12/Dec/1995,05:20:00,,,,,,,,,
12/Dec/1995,05:21:00,,,,,,,,,
12/Dec/1995,05:22:00,,,,,,,,,
12/Dec/1995,05:23:00,,,,,,,,,
12/Dec/1995,05:24:00,,,,,,,,,
12/Dec/1995,05:25:00,,,,,,,,,
12/Dec/1995,05:26:00,,,,,,,,,
12/Dec/1995,05:27:00,,,,,,,,,
12/Dec/1995,05:28:00,,,,,,,,,
12/Dec/1995,05:29:00,,,,,,,,,
12/Dec/1995,05:30:00,,,,,,,,,
12/Dec/1995,05:31:00,,,,,,,,,
12/Dec/1995,05:32:00,,,,,,,,,
12/Dec/1995,05:33:00,,,,,,,,,
12/Dec/1995,05:34:00,,,,,,,,,
12/Dec/1995,05:35:00,,,,,,,,,
12/Dec/1995,05:36:00,,,,,,,,,
12/Dec/1995,05:37:00,,,,,,,,,
12/Dec/1995,05:38:00,,,,,,,,,
12/Dec/1995,05:39:00,,,,,,,,,
12/Dec/1995,05:40:00,,,,,,,,,
12/Dec/1995,05:41:00,,,,,,,,,
12/Dec/1995,05:42:00,,,,,,,,,
12/Dec/1995,05:43:00,,,,,,,,,
12/Dec/1995,05:44:00,,,,,,,,,
12/Dec/1995,05:45:00,,,,,,,,,
12/Dec/1995,05:46:00,,,,,,,,,
12/Dec/1995,05:47:00,,,,,,,,,
12/Dec/1995,05:48:00,,,,,,,,,
12/Dec/1995,05:49:00,,,,,,,,,
12/Dec/1995,05:50:00,,,,,,,,,
12/Dec/1995,05:51:00,,,,,,,,,
12/Dec/1995,05:52:00,,,,,,,,,
12/Dec/1995,05:53:00,,,,,,,,,
12/Dec/1995,05:54:00,,,,,,,,,
12/Dec/1995,05:55:00,,,,,,,,,
12/Dec/1995,05:56:00,,,,,,,,,
12/Dec/1995,05:57:00,,,,,,,,,
12/Dec/1995,05:58:00,,,,,,,,,
12/Dec/1995,05:59:00,,,,,,,,,
12/Dec/1995,06:00:00,,,,,,,,,
12/Dec/1995,06:01:00,,,,,,,,,
12/Dec/1995,06:02:00,,,,,,,,,
12/Dec/1995,06:03:00,,,,,,,,,
12/Dec/1995,06:04:00,,,,,,,,,
12/Dec/1995,06:05:00,,,,,,,,,
12/Dec/1995,06:06:00,,,,,,,,,
12/Dec/1995,06:07:00,,,,,,,,,
12/Dec/1995,06:08:00,,,,,,,,,
12/Dec/1995,06:09:00,,,,,,,,,
12/Dec/1995,06:10:00,,,,,,,,,
12/Dec/1995,06:11:00,,,,,,,,,
12/Dec/1995,06:12:00,,,,,,,,,
12/Dec/1995,06:13:00,,,,,,,,,
12/Dec/1995,06:14:00,,,,,,,,,
12/Dec/1995,06:15:00,,,,,,,,,
12/Dec/1995,06:16:00,,,,,,,,,
12/Dec/1995,06:17:00,,,,,,,,,
12/Dec/1995,06:18:00,,,,,,,,,
12/Dec/1995,06:19:00,,,,,,,,,
12/Dec/1995,06:20:00,,,,,,,,,
12/Dec/1995,06:21:00,,,,,,,,,
12/Dec/1995,06:22:00,,,,,,,,,
12/Dec/1995,06:23:00,,,,,,,,,
12/Dec/1995,06:24:00,,,,,,,,,
12/Dec/1995,06:25:00,,,,,,,,,
12/Dec/1995,06:26:00,,,,,,,,,
12/Dec/1995,06:27:00,,,,,,,,,
12/Dec/1995,06:28:00,,,,,,,,,
12/Dec/1995,06:29:00,,,,,,,,,
12/Dec/1995,06:30:00,,,,,,,,,
12/Dec/1995,06:31:00,,,,,,,,,
12/Dec/1995,06:32:00,,,,,,,,,
12/Dec/1995,06:33:00,,,,,,,,,
12/Dec/1995,06:34:00,,,,,,,,,
12/Dec/1995,06:35:00,,,,,,,,,
12/Dec/1995,06:36:00,,,,,,,,,
12/Dec/1995,06:37:00,,,,,,,,,
12/Dec/1995,06:38:00,,,,,,,,,
12/Dec/1995,06:39:00,,,,,,,,,
12/Dec/1995,06:40:00,,,,,,,,,
12/Dec/1995,06:41:00,,,,,,,,,
12/Dec/1995,06:42:00,,,,,,,,,
12/Dec/1995,06:43:00,,,,,,,,,
12/Dec/1995,06:44:00,,,,,,,,,
12/Dec/1995,06:45:00,,,,,,,,,
12/Dec/1995,06:46:00,,,,,,,,,
12/Dec/1995,06:47:00,,,,,,,,,
12/Dec/1995,06:48:00,,,,,,,,,
12/Dec/1995,06:49:00,,,,,,,,,
12/Dec/1995,06:50:00,,,,,,,,,
12/Dec/1995,06:51:00,,,,,,,,,
12/Dec/1995,06:52:00,,,,,,,,,
12/Dec/1995,06:53:00,,,,,,,,,
12/Dec/1995,06:54:00,,,,,,,,,
12/Dec/1995,06:55:00,,,,,,,,,
12/Dec/1995,06:56:00,,,,,,,,,
12/Dec/1995,06:57:00,,,,,,,,,
12/Dec/1995,06:58:00,,,,,,,,,
12/Dec/1995,06:59:00,,,,,,,,,
12/Dec/1995,07:00:00,,,,,,,,,
12/Dec/1995,07:01:00,,,,,,,,,
12/Dec/1995,07:02:00,,,,,,,,,
12/Dec/1995,07:03:00,,,,,,,,,
12/Dec/1995,07:04:00,,,,,,,,,
12/Dec/1995,07:05:00,,,,,,,,,
12/Dec/1995,07:06:00,,,,,,,,,
12/Dec/1995,07:07:00,,,,,,,,,
12/Dec/1995,07:08:00,,,,,,,,,
12/Dec/1995,07:09:00,,,,,,,,,
12/Dec/1995,07:10:00,,,,,,,,,
12/Dec/1995,07:11:00,,,,,,,,,
12/Dec/1995,07:12:00,,,,,,,,,
12/Dec/1995,07:13:00,,,,,,,,,
12/Dec/1995,07:14:00,,,,,,,,,
12/Dec/1995,07:14:00,,,,,,,,,
12/Dec/1995,07:14:00,,,,,,,,,
12/Dec/1995,07:15:00,,,,,,,,,
12/Dec/1995,07:16:00,,,,,,,,,
12/Dec/1995,07:17:00,,,,,,,,,
12/Dec/1995,07:18:00,,,,,,,,,
12/Dec/1995,07:19:00,,,,,,,,,
12/Dec/1995,07:20:00,,,,,,,,,
12/Dec/1995,07:21:00,,,,,,,,,
12/Dec/1995,07:22:00,,,,,,,,,
12/Dec/1995,07:23:00,,,,,,,,,
12/Dec/1995,07:24:00,,,,,,,,,
12/Dec/1995,07:25:00,,,,,,,,,
12/Dec/1995,07:26:00,,,,,,,,,
12/Dec/1995,07:27:00,,,,,,,,,
12/Dec/1995,07:28:00,,,,,,,,,
12/Dec/1995,07:29:00,,,,,,,,,
12/Dec/1995,07:30:00,,,,,,,,,
12/Dec/1995,07:31:00,,,,,,,,,
12/Dec/1995,07:32:00,,,,,,,,,
12/Dec/1995,07:33:00,,,,,,,,,
12/Dec/1995,07:34:00,,,,,,,,,
12/Dec/1995,07:35:00,,,,,,,,,
12/Dec/1995,07:36:00,,,,,,,,,
12/Dec/1995,07:37:00,,,,,,,,,
12/Dec/1995,07:38:00,,,,,,,,,
12/Dec/1995,07:39:00,,,,,,,,,
12/Dec/1995,07:40:00,,,,,,,,,
12/Dec/1995,07:41:00,,,,,,,,,
12/Dec/1995,07:42:00,,,,,,,,,
12/Dec/1995,07:43:00,,,,,,,,,
12/Dec/1995,07:44:00,,,,,,,,,
12/Dec/1995,07:45:00,,,,,,,,,
12/Dec/1995,07:46:00,,,,,,,,,
12/Dec/1995,07:47:00,,,,,,,,,
12/Dec/1995,07:48:00,,,,,,,,,
12/Dec/1995,07:49:00,,,,,,,,,
12/Dec/1995,07:50:00,,,,,,,,,
12/Dec/1995,07:51:00,,,,,,,,,
12/Dec/1995,07:52:00,,,,,,,,,
12/Dec/1995,07:53:00,,,,,,,,,
12/Dec/1995,07:54:00,,,,,,,,,
12/Dec/1995,07:55:00,,,,,,,,,
12/Dec/1995,07:56:00,,,,,,,,,
12/Dec/1995,07:57:00,,,,,,,,,
12/Dec/1995,07:58:00,,,,,,,,,
12/Dec/1995,07:59:00,,,,,,,,,
12/Dec/1995,08:00:00,,,,,,,,,
12/Dec/1995,08:01:00,,,,,,,,,
12/Dec/1995,08:02:00,,,,,,,,,
12/Dec/1995,08:03:00,,,,,,,,,
12/Dec/1995,08:04:00,,,,,,,,,
12/Dec/1995,08:05:00,,,,,,,,,
12/Dec/1995,08:06:00,,,,,,,,,
12/Dec/1995,08:07:00,,,,,,,,,
12/Dec/1995,08:08:00,,,,,,,,,
12/Dec/1995,08:09:00,,,,,,,,,
12/Dec/1995,08:10:00,,,,,,,,,
12/Dec/1995,08:11:00,,,,,,,,,
12/Dec/1995,08:12:00,,,,,,,,,
12/Dec/1995,08:13:00,,,,,,,,,
12/Dec/1995,08:14:00,,,,,,,,,
12/Dec/1995,08:15:00,,,,,,,,,
12/Dec/1995,08:16:00,,,,,,,,,
12/Dec/1995,08:17:00,,,,,,,,,
12/Dec/1995,08:18:00,,,,,,,,,
12/Dec/1995,08:19:00,,,,,,,,,
12/Dec/1995,08:20:00,,,,,,,,,
12/Dec/1995,08:21:00,,,,,,,,,
12/Dec/1995,08:22:00,,,,,,,,,
12/Dec/1995,08:23:00,,,,,,,,,
12/Dec/1995,08:24:00,,,,,,,,,
12/Dec/1995,08:25:00,,,,,,,,,
12/Dec/1995,08:26:00,,,,,,,,,
12/Dec/1995,08:27:00,,,,,,,,,
12/Dec/1995,08:28:00,,,,,,,,,
12/Dec/1995,08:29:00,,,,,,,,,
12/Dec/1995,08:30:00,,,,,,,,,
12/Dec/1995,08:31:00,,,,,,,,,
12/Dec/1995,08:32:00,,,,,,,,,
12/Dec/1995,08:33:00,,,,,,,,,
12/Dec/1995,08:34:00,,,,,,,,,
12/Dec/1995,08:35:00,,,,,,,,,
12/Dec/1995,08:36:00,,,,,,,,,
12/Dec/1995,08:37:00,,,,,,,,,
12/Dec/1995,08:38:00,,,,,,,,,
12/Dec/1995,08:38:00,,,,,,,,,
12/Dec/1995,08:38:00,,,,,,,,,
12/Dec/1995,08:39:00,,,,,,,,,
12/Dec/1995,08:40:00,,,,,,,,,
12/Dec/1995,08:41:00,,,,,,,,,
12/Dec/1995,08:42:00,,,,,,,,,
12/Dec/1995,08:43:00,,,,,,,,,
12/Dec/1995,08:44:00,,,,,,,,,
12/Dec/1995,08:45:00,,,,,,,,,
12/Dec/1995,08:46:00,,,,,,,,,
12/Dec/1995,08:47:00,,,,,,,,,
12/Dec/1995,08:48:00,,,,,,,,,
12/Dec/1995,08:49:00,,,,,,,,,
12/Dec/1995,08:50:00,,,,,,,,,
12/Dec/1995,08:51:00,,,,,,,,,
12/Dec/1995,08:52:00,,,,,,,,,
12/Dec/1995,08:53:00,,,,,,,,,
12/Dec/1995,08:54:00,,,,,,,,,
12/Dec/1995,08:55:00,,,,,,,,,
12/Dec/1995,08:56:00,,,,,,,,,
12/Dec/1995,08:57:00,,,,,,,,,
12/Dec/1995,08:58:00,,,,,,,,,
12/Dec/1995,08:59:00,,,,,,,,,
12/Dec/1995,09:00:00,,,,,,,,,
12/Dec/1995,09:01:00,,,,,,,,,
12/Dec/1995,09:02:00,,,,,,,,,
12/Dec/1995,09:03:00,,,,,,,,,
12/Dec/1995,09:04:00,,,,,,,,,
12/Dec/1995,09:05:00,,,,,,,,,
12/Dec/1995,09:06:00,,,,,,,,,
12/Dec/1995,09:07:00,,,,,,,,,
12/Dec/1995,09:08:00,,,,,,,,,
12/Dec/1995,09:09:00,,,,,,,,,
12/Dec/1995,09:10:00,,,,,,,,,
12/Dec/1995,09:11:00,,,,,,,,,
12/Dec/1995,09:11:00,,,,,,,,,
12/Dec/1995,09:11:00,,,,,,,,,
12/Dec/1995,09:12:00,,,,,,,,,
12/Dec/1995,09:13:00,,,,,,,,,
12/Dec/1995,09:14:00,,,,,,,,,
12/Dec/1995,09:15:00,,,,,,,,,
12/Dec/1995,09:16:00,,,,,,,,,
12/Dec/1995,09:17:00,,,,,,,,,
12/Dec/1995,09:18:00,,,,,,,,,
12/Dec/1995,09:19:00,,,,,,,,,
12/Dec/1995,09:20:00,,,,,,,,,
12/Dec/1995,09:21:00,,,,,,,,,
12/Dec/1995,09:22:00,,,,,,,,,
12/Dec/1995,09:23:00,,,,,,,,,
12/Dec/1995,09:24:00,,,,,,,,,
12/Dec/1995,09:25:00,,,,,,,,,
12/Dec/1995,09:25:00,,,,,,,,,
12/Dec/1995,09:25:00,,,,,,,,,
12/Dec/1995,09:26:00,,,,,,,,,
12/Dec/1995,09:27:00,,,,,,,,,
12/Dec/1995,09:28:00,,,,,,,,,
12/Dec/1995,09:29:00,,,,,,,,,
12/Dec/1995,09:30:00,,,,,,,,,
12/Dec/1995,09:31:00,,,,,,,,,
12/Dec/1995,09:32:00,,,,,,,,,
12/Dec/1995,09:33:00,,,,,,,,,
12/Dec/1995,09:34:00,,,,,,,,,
12/Dec/1995,09:35:00,,,,,,,,,
12/Dec/1995,09:36:00,,,,,,,,,
12/Dec/1995,09:37:00,,,,,,,,,
12/Dec/1995,09:38:00,,,,,,,,,
12/Dec/1995,09:39:00,,,,,,,,,
12/Dec/1995,09:40:00,,,,,,,,,
12/Dec/1995,09:41:00,,,,,,,,,
12/Dec/1995,09:42:00,,,,,,,,,
12/Dec/1995,09:43:00,,,,,,,,,
12/Dec/1995,09:44:00,,,,,,,,,
12/Dec/1995,09:45:00,,,,,,,,,
12/Dec/1995,09:46:00,,,,,,,,,
12/Dec/1995,09:47:00,,,,,,,,,
12/Dec/1995,09:48:00,,,,,,,,,
12/Dec/1995,09:49:00,,,,,,,,,
12/Dec/1995,09:50:00,,,,,,,,,
12/Dec/1995,09:51:00,,,,,,,,,
12/Dec/1995,09:52:00,,,,,,,,,
12/Dec/1995,09:53:00,,,,,,,,,
12/Dec/1995,09:54:00,,,,,,,,,
12/Dec/1995,09:55:00,,,,,,,,,
12/Dec/1995,09:56:00,,,,,,,,,
12/Dec/1995,09:57:00,,,,,,,,,
12/Dec/1995,09:58:00,,,,,,,,,
12/Dec/1995,09:59:00,,,,,,,,,
12/Dec/1995,10:00:00,,,,,,,,,
12/Dec/1995,10:01:00,,,,,,,,,
12/Dec/1995,10:02:00,,,,,,,,,
12/Dec/1995,10:03:00,,,,,,,,,
12/Dec/1995,10:04:00,,,,,,,,,
12/Dec/1995,10:05:00,,,,,,,,,
12/Dec/1995,10:06:00,,,,,,,,,
12/Dec/1995,10:07:00,,,,,,,,,
12/Dec/1995,10:08:00,,,,,,,,,
12/Dec/1995,10:09:00,,,,,,,,,
12/Dec/1995,10:10:00,,,,,,,,,
12/Dec/1995,10:11:00,,,,,,,,,
12/Dec/1995,10:12:00,,,,,,,,,
12/Dec/1995,10:13:00,,,,,,,,,
12/Dec/1995,10:14:00,,,,,,,,,
12/Dec/1995,10:15:00,,,,,,,,,
12/Dec/1995,10:16:00,,,,,,,,,
12/Dec/1995,10:17:00,,,,,,,,,
12/Dec/1995,10:18:00,,,,,,,,,
12/Dec/1995,10:19:00,,,,,,,,,
12/Dec/1995,10:20:00,,,,,,,,,
12/Dec/1995,10:21:00,,,,,,,,,
12/Dec/1995,10:22:00,,,,,,,,,
12/Dec/1995,10:23:00,,,,,,,,,
12/Dec/1995,10:24:00,,,,,,,,,
12/Dec/1995,10:25:00,,,,,,,,,
12/Dec/1995,10:26:00,,,,,,,,,
12/Dec/1995,10:27:00,,,,,,,,,
12/Dec/1995,10:28:00,,,,,,,,,
12/Dec/1995,10:29:00,,,,,,,,,
12/Dec/1995,10:30:00,,,,,,,,,
12/Dec/1995,10:30:00,,,,,,,,,
12/Dec/1995,10:30:00,,,,,,,,,
12/Dec/1995,10:31:00,,,,,,,,,
12/Dec/1995,10:32:00,,,,,,,,,
12/Dec/1995,10:33:00,,,,,,,,,
12/Dec/1995,10:34:00,,,,,,,,,
12/Dec/1995,10:35:00,,,,,,,,,
12/Dec/1995,10:36:00,,,,,,,,,
12/Dec/1995,10:37:00,,,,,,,,,
12/Dec/1995,10:38:00,,,,,,,,,
12/Dec/1995,10:39:00,,,,,,,,,
12/Dec/1995,10:40:00,,,,,,,,,
12/Dec/1995,10:41:00,,,,,,,,,
12/Dec/1995,10:42:00,,,,,,,,,
12/Dec/1995,10:43:00,,,,,,,,,
12/Dec/1995,10:44:00,,,,,,,,,
12/Dec/1995,10:45:00,,,,,,,,,
12/Dec/1995,10:45:00,,,,,,,,,
12/Dec/1995,10:45:00,,,,,,,,,
12/Dec/1995,10:46:00,,,,,,,,,
12/Dec/1995,10:47:00,,,,,,,,,
12/Dec/1995,10:48:00,,,,,,,,,
12/Dec/1995,10:49:00,,,,,,,,,
12/Dec/1995,10:50:00,,,,,,,,,
12/Dec/1995,10:51:00,,,,,,,,,
12/Dec/1995,10:52:00,,,,,,,,,
12/Dec/1995,10:53:00,,,,,,,,,
12/Dec/1995,10:54:00,,,,,,,,,
12/Dec/1995,10:55:00,,,,,,,,,
12/Dec/1995,10:56:00,,,,,,,,,
12/Dec/1995,10:57:00,,,,,,,,,
12/Dec/1995,10:57:00,,,,,,,,,
12/Dec/1995,10:57:00,,,,,,,,,
12/Dec/1995,10:58:00,,,,,,,,,
12/Dec/1995,10:59:00,,,,,,,,,
12/Dec/1995,11:00:00,,,,,,,,,
12/Dec/1995,11:01:00,,,,,,,,,
12/Dec/1995,11:02:00,,,,,,,,,
12/Dec/1995,11:03:00,,,,,,,,,
12/Dec/1995,11:04:00,,,,,,,,,
12/Dec/1995,11:05:00,,,,,,,,,
12/Dec/1995,11:06:00,,,,,,,,,
12/Dec/1995,11:07:00,,,,,,,,,
12/Dec/1995,11:08:00,,,,,,,,,
12/Dec/1995,11:09:00,,,,,,,,,
12/Dec/1995,11:10:00,,,,,,,,,
12/Dec/1995,11:11:00,,,,,,,,,
12/Dec/1995,11:12:00,,,,,,,,,
12/Dec/1995,11:13:00,,,,,,,,,
12/Dec/1995,11:14:00,,,,,,,,,
12/Dec/1995,11:15:00,,,,,,,,,
12/Dec/1995,11:16:00,,,,,,,,,
12/Dec/1995,11:17:00,,,,,,,,,
12/Dec/1995,11:17:00,,,,,,,,,
12/Dec/1995,11:17:00,,,,,,,,,
12/Dec/1995,11:18:00,,,,,,,,,
12/Dec/1995,11:19:00,,,,,,,,,
12/Dec/1995,11:20:00,,,,,,,,,
12/Dec/1995,11:21:00,,,,,,,,,
12/Dec/1995,11:22:00,,,,,,,,,
12/Dec/1995,11:23:00,,,,,,,,,
12/Dec/1995,11:24:00,,,,,,,,,
12/Dec/1995,11:25:00,,,,,,,,,
12/Dec/1995,11:26:00,,,,,,,,,
12/Dec/1995,11:27:00,,,,,,,,,
12/Dec/1995,11:28:00,,,,,,,,,
12/Dec/1995,11:29:00,,,,,,,,,
12/Dec/1995,11:29:00,,,,,,,,,
12/Dec/1995,11:29:00,,,,,,,,,
12/Dec/1995,11:30:00,,,,,,,,,
12/Dec/1995,11:31:00,,,,,,,,,
12/Dec/1995,11:32:00,,,,,,,,,
12/Dec/1995,11:33:00,,,,,,,,,
12/Dec/1995,11:34:00,,,,,,,,,
12/Dec/1995,11:35:00,,,,,,,,,
12/Dec/1995,11:36:00,,,,,,,,,
12/Dec/1995,11:37:00,,,,,,,,,
12/Dec/1995,11:38:00,,,,,,,,,
12/Dec/1995,11:39:00,,,,,,,,,
12/Dec/1995,11:40:00,,,,,,,,,
12/Dec/1995,11:41:00,,,,,,,,,
