wd,ws,t,x,y
265.9,16,-210,-122.4562292,37.8228547
265.7,16,-209,-122.4562473,37.8228687
265.5,16,-208,-122.4562641,37.8228844
265.2,16,-207,-122.4562804,37.8229011
265,16.1,-206,-122.4562996,37.8229177
264.8,16.1,-205,-122.4563176,37.8229337
264.6,16.2,-204,-122.4563402,37.8229492
264.4,16.3,-203,-122.4563611,37.8229647
264.3,16.4,-202,-122.4563808,37.8229815
264.1,16.5,-201,-122.456402,37.8229991
264,16.5,-200,-122.4564236,37.8230164
263.9,16.7,-199,-122.4564451,37.8230346
263.9,16.7,-198,-122.4564686,37.8230518
263.8,16.8,-197,-122.4564911,37.8230682
263.8,16.9,-196,-122.456515,37.8230844
263.7,17,-195,-122.4565393,37.8230997
263.7,17.1,-194,-122.4565601,37.8231147
263.7,17.1,-193,-122.4565855,37.8231314
263.6,17.2,-192,-122.4566106,37.8231485
263.6,17.2,-191,-122.4566359,37.8231655
263.5,17.2,-190,-122.4566644,37.8231834
263.4,17.3,-189,-122.4566923,37.8231984
263.4,17.3,-188,-122.4567181,37.8232133
263.3,17.3,-187,-122.4567441,37.8232269
263.3,17.3,-186,-122.4567707,37.8232387
263.2,17.3,-185,-122.4567955,37.8232498
263.1,17.3,-184,-122.4568223,37.8232618
263.1,17.3,-183,-122.4568514,37.8232752
263,17.3,-182,-122.4568788,37.8232914
263,17.3,-181,-122.4569073,37.8233143
262.9,17.3,-180,-122.4569315,37.8233424
262.9,17.3,-179,-122.456957,37.8233753
262.8,17.3,-178,-122.4569809,37.8234067
262.7,17.3,-177,-122.4570029,37.823433
262.7,17.2,-176,-122.4570238,37.8234545
262.6,17.2,-175,-122.457042,37.8234706
262.6,17.2,-174,-122.4570559,37.8234819
262.5,17.2,-173,-122.4570707,37.8234878
262.5,17.2,-172,-122.457085,37.8234874
262.4,17.2,-171,-122.4570987,37.8234845
262.4,17.2,-170,-122.4571106,37.8234784
262.4,17.2,-169,-122.4571236,37.8234701
262.4,17.2,-168,-122.4571405,37.8234613
262.4,17.2,-167,-122.4571659,37.8234497
262.3,17.2,-166,-122.4571927,37.8234377
262.3,17.2,-165,-122.4572191,37.8234209
262.3,17.3,-164,-122.4572536,37.8234009
262.3,17.3,-163,-122.4572865,37.8233848
262.3,17.3,-162,-122.4573205,37.8233723
262.2,17.4,-161,-122.4573554,37.823364
262.2,17.4,-160,-122.4573907,37.8233584
262.2,17.5,-159,-122.4574248,37.8233512
262.1,17.5,-158,-122.4574552,37.8233423
262.1,17.6,-157,-122.457487,37.8233295
262,17.6,-156,-122.4575199,37.8233169
262,17.7,-155,-122.4575538,37.8233021
262,17.7,-154,-122.457592,37.8232859
261.9,17.8,-153,-122.4576238,37.8232722
261.9,17.8,-152,-122.4576625,37.8232559
261.9,17.9,-151,-122.4577014,37.823239
261.9,17.9,-150,-122.4577409,37.8232197
261.9,17.9,-149,-122.4577826,37.8231992
261.9,18,-148,-122.4578263,37.8231758
261.9,18,-147,-122.45787,37.8231502
262,18.1,-146,-122.4579198,37.8231229
262.1,18.1,-145,-122.4579688,37.8230912
262.2,18.1,-144,-122.4580227,37.8230529
262.3,18.2,-143,-122.4580776,37.8230116
262.4,18.2,-142,-122.4581338,37.8229691
262.6,18.2,-141,-122.4581889,37.8229295
262.7,18.2,-140,-122.4582457,37.8228915
262.9,18.2,-139,-122.4583,37.8228533
263,18.2,-138,-122.4583515,37.8228112
263.1,18.2,-137,-122.4584057,37.8227684
263.2,18.2,-136,-122.4584614,37.8227208
263.3,18.2,-135,-122.4585164,37.8226669
263.3,18.2,-134,-122.4585738,37.8226069
263.3,18.1,-133,-122.4586257,37.8225355
263.3,18.1,-132,-122.4586719,37.8224496
263.3,18,-131,-122.4587032,37.82235
263.2,18,-130,-122.4587122,37.8222372
263.1,18,-129,-122.45869,37.8221152
263,17.9,-128,-122.4586338,37.8219904
262.8,17.9,-127,-122.4585573,37.8218671
262.7,17.9,-126,-122.4584802,37.8217416
262.6,17.8,-125,-122.4583924,37.8216166
262.4,17.8,-124,-122.4583053,37.821487
262.3,17.8,-123,-122.45821,37.8213575
262.3,17.8,-122,-122.4581096,37.8212271
262.2,17.8,-121,-122.4580016,37.821098
262.2,17.8,-120,-122.4578869,37.8209719
262.2,17.8,-119,-122.4577712,37.8208436
262.2,17.8,-118,-122.4576532,37.8207129
262.2,17.8,-117,-122.4575351,37.8205803
262.3,17.8,-116,-122.4574087,37.8204493
262.4,17.8,-115,-122.4572808,37.8203156
262.4,17.7,-114,-122.4571431,37.8201839
262.5,17.7,-113,-122.4569866,37.8200634
262.5,17.6,-112,-122.4568199,37.8199508
262.6,17.5,-111,-122.4566495,37.8198434
262.7,17.5,-110,-122.4564844,37.8197293
262.7,17.4,-109,-122.456324,37.8196105
262.8,17.3,-108,-122.4561655,37.8194907
262.9,17.2,-107,-122.4559966,37.8193851
262.9,17.2,-106,-122.4558119,37.8193031
263,17.1,-105,-122.455617,37.8192394
263.1,17,-104,-122.4554178,37.8191962
263.2,17,-103,-122.455222,37.8191711
263.4,16.9,-102,-122.4550368,37.8191662
263.5,16.8,-101,-122.4548599,37.8191789
263.7,16.8,-100,-122.4546941,37.8192089
263.9,16.7,-99,-122.4545394,37.8192527
264,16.7,-98,-122.4543963,37.8193125
264.2,16.6,-97,-122.4542713,37.8193911
264.3,16.6,-96,-122.4541541,37.8194787
264.5,16.6,-95,-122.4540271,37.8195646
264.6,16.5,-94,-122.4538923,37.8196492
264.7,16.5,-93,-122.4537521,37.8197301
264.8,16.4,-92,-122.4536109,37.8198098
264.9,16.4,-91,-122.4534755,37.8198945
265,16.4,-90,-122.4533416,37.8199817
265,16.4,-89,-122.4532025,37.8200678
265,16.3,-88,-122.4530561,37.8201494
264.9,16.3,-87,-122.4529099,37.8202328
264.9,16.3,-86,-122.4527645,37.8203162
264.9,16.3,-85,-122.4526157,37.8203965
264.8,16.2,-84,-122.4524631,37.8204731
264.8,16.2,-83,-122.4523083,37.8205488
264.8,16.3,-82,-122.4521551,37.8206287
264.7,16.3,-81,-122.4519976,37.8207048
264.7,16.3,-80,-122.4518395,37.8207832
264.8,16.4,-79,-122.4516749,37.8208556
264.8,16.4,-78,-122.4515024,37.8209183
264.9,16.5,-77,-122.4513317,37.8209848
264.9,16.5,-76,-122.4511706,37.8210616
265,16.6,-75,-122.4510215,37.821149
265.1,16.6,-74,-122.450886,37.8212496
265.1,16.7,-73,-122.4507659,37.8213615
265.2,16.7,-72,-122.450677,37.8214891
265.3,16.8,-71,-122.4506288,37.8216256
265.3,16.8,-70,-122.4506165,37.8217579
265.3,16.9,-69,-122.4506365,37.8218804
265.3,16.9,-68,-122.4506885,37.8219862
265.3,16.9,-67,-122.4507602,37.8220701
265.3,16.9,-66,-122.4508393,37.8221301
265.3,16.9,-65,-122.4509146,37.8221648
265.3,17,-64,-122.4509838,37.8221836
265.3,17,-63,-122.4510446,37.8221885
265.3,17,-62,-122.4510997,37.8221801
265.3,17,-61,-122.4511512,37.8221603
265.3,17,-60,-122.4512043,37.8221318
265.3,16.9,-59,-122.451254,37.8220972
265.3,16.9,-58,-122.451303,37.8220536
265.4,16.9,-57,-122.4513544,37.8220064
265.4,16.9,-56,-122.4514071,37.8219606
265.4,16.8,-55,-122.4514625,37.8219157
265.4,16.8,-54,-122.4515196,37.8218708
265.4,16.7,-53,-122.4515785,37.8218304
265.5,16.7,-52,-122.4516407,37.821792
265.5,16.6,-51,-122.451702,37.821753
265.5,16.6,-50,-122.451764,37.8217132
265.5,16.5,-49,-122.4518305,37.8216771
265.6,16.5,-48,-122.4518947,37.821637
265.6,16.5,-47,-122.4519597,37.8215867
265.6,16.4,-46,-122.4520214,37.8215251
265.7,16.4,-45,-122.4520736,37.8214492
265.7,16.4,-44,-122.4521102,37.8213578
265.7,16.4,-43,-122.4521246,37.8212532
265.8,16.4,-42,-122.4521088,37.8211425
265.8,16.4,-41,-122.4520574,37.8210357
265.9,16.4,-40,-122.4519652,37.820945
265.9,16.4,-39,-122.4518546,37.8208669
265.9,16.4,-38,-122.451742,37.8207896
265.9,16.4,-37,-122.4516319,37.8207093
265.9,16.4,-36,-122.4515267,37.8206223
265.9,16.4,-35,-122.451419,37.8205341
265.8,16.5,-34,-122.4513031,37.8204464
265.7,16.5,-33,-122.4512052,37.8203452
265.6,16.4,-32,-122.4511566,37.8202356
265.5,16.4,-31,-122.4511582,37.8201317
265.4,16.4,-30,-122.4511915,37.8200358
265.3,16.4,-29,-122.4512408,37.8199434
265.1,16.4,-28,-122.4512947,37.8198513
264.9,16.3,-27,-122.4513516,37.8197593
264.8,16.3,-26,-122.4514118,37.819668
264.6,16.2,-25,-122.4514749,37.8195777
264.4,16.2,-24,-122.4515421,37.8194908
264.3,16.2,-23,-122.4516167,37.8194082
264.1,16.1,-22,-122.4516934,37.8193306
264,16.1,-21,-122.4517747,37.8192603
264,16.1,-20,-122.4518577,37.8191932
264,16,-19,-122.451946,37.8191339
264,16,-18,-122.4520356,37.8190786
264,16,-17,-122.4521241,37.8190235
264.1,16.1,-16,-122.4522121,37.8189655
264.3,16.1,-15,-122.4522934,37.8188989
264.4,16.1,-14,-122.4523773,37.8188362
264.6,16.1,-13,-122.4524655,37.8187775
264.7,16.2,-12,-122.4525575,37.8187229
264.9,16.2,-11,-122.4526513,37.818673
265.1,16.2,-10,-122.4527352,37.8186133
265.2,16.3,-9,-122.452813,37.8185461
265.4,16.3,-8,-122.4528934,37.8184777
265.5,16.3,-7,-122.4529818,37.8184165
265.6,16.3,-6,-122.4530693,37.8183499
265.7,16.4,-5,-122.4531494,37.8182686
265.7,16.4,-4,-122.4532165,37.818171
265.8,16.4,-3,-122.45326,37.8180537
265.8,16.4,-2,-122.4532771,37.8179217
265.8,16.4,-1,-122.4532759,37.8177769
265.8,16.4,0,-122.4532457,37.8176225
265.8,16.4,1,-122.4531891,37.8174597
265.8,16.4,2,-122.453117,37.8172896
265.9,16.5,3,-122.4530405,37.8171164
265.9,16.5,4,-122.4529542,37.8169445
265.9,16.5,5,-122.4528475,37.8167748
265.9,16.5,6,-122.452757,37.8165996
265.9,16.5,7,-122.4526764,37.8164195
266,16.5,8,-122.4526006,37.8162403
266,16.5,9,-122.4525304,37.816061
266,16.5,10,-122.4524509,37.8158841
266,16.5,11,-122.4523692,37.815706
265.9,16.5,12,-122.4523106,37.8155234
265.9,16.5,13,-122.4522584,37.8153392
265.8,16.5,14,-122.4522136,37.8151541
265.7,16.6,15,-122.4521717,37.8149677
265.6,16.6,16,-122.4521426,37.8147783
265.5,16.6,17,-122.4520999,37.8145865
265.4,16.6,18,-122.4520327,37.8143958
265.4,16.7,19,-122.4519766,37.8142028
265.4,16.7,20,-122.4519025,37.8140112
265.4,16.8,21,-122.4518202,37.813825
265.4,16.8,22,-122.4517427,37.8136413
265.6,16.8,23,-122.451644,37.813462
265.7,16.9,24,-122.4515179,37.8132898
265.9,16.9,25,-122.4513933,37.813128
265.9,16.9,26,-122.45134,37.8129913
265.9,17,27,-122.4513224,37.8128646
265.9,17,28,-122.4513246,37.8127376
265.8,17.1,29,-122.4513097,37.8126013
265.7,17.1,30,-122.4512691,37.8124539
265.6,17.1,31,-122.4511973,37.812301
265.5,17.2,32,-122.4510832,37.8121491
265.3,17.2,33,-122.4509496,37.811995
265.2,17.3,34,-122.4507846,37.81185
265.1,17.3,35,-122.4505796,37.8117273
265.1,17.3,36,-122.45036,37.8116178
265,17.3,37,-122.4501297,37.8115245
265,17.3,38,-122.4499021,37.8114337
264.9,17.3,39,-122.4496768,37.811351
264.9,17.3,40,-122.449454,37.8112724
264.9,17.4,41,-122.4492283,37.811208
265,17.4,42,-122.4489984,37.8111531
265,17.4,43,-122.4487709,37.8110921
265,17.4,44,-122.448542,37.8110402
265.1,17.5,45,-122.4483127,37.8109939
265.1,17.5,46,-122.4480905,37.8109337
265.1,17.5,47,-122.4478735,37.8108671
265.2,17.6,48,-122.4476576,37.8108086
265.2,17.6,49,-122.4474399,37.8107565
265.2,17.7,50,-122.4472204,37.810707
265.2,17.7,51,-122.4470007,37.8106545
265.2,17.8,52,-122.4467775,37.8106146
265.2,17.8,53,-122.4465523,37.8105962
265.2,17.8,54,-122.446333,37.8105978
265.2,17.9,55,-122.4461239,37.8106174
265.2,17.9,56,-122.4459307,37.8106603
265.2,17.9,57,-122.4457572,37.8107263
265.2,17.9,58,-122.4455958,37.8108079
265.2,18,59,-122.4454344,37.8108962
265.1,18,60,-122.4452644,37.8109804
265.1,18,61,-122.4450918,37.8110661
265.1,18,62,-122.4449102,37.8111424
265.1,18,63,-122.4447269,37.8112202
265.1,18,64,-122.4445369,37.8112968
265.1,18,65,-122.4443481,37.8113794
265.1,18,66,-122.4441586,37.8114669
265.1,18,67,-122.4439664,37.8115512
265.1,18,68,-122.443775,37.8116354
265.1,18,69,-122.4435827,37.8117177
265.1,18,70,-122.4433926,37.8118071
265.1,18,71,-122.4432071,37.8119066
265.2,18,72,-122.4430174,37.8120077
265.2,18.1,73,-122.4428267,37.8121111
265.2,18.1,74,-122.4426312,37.8122125
265.2,18.1,75,-122.4424349,37.8123129
265.2,18.1,76,-122.4422396,37.8124138
265.2,18.1,77,-122.4420425,37.8125129
265.2,18.2,78,-122.4418456,37.8126148
265.2,18.2,79,-122.4416532,37.8127205
265.2,18.2,80,-122.4414608,37.8128255
265.2,18.2,81,-122.4412696,37.8129336
265.2,18.2,82,-122.4410784,37.8130427
265.2,18.2,83,-122.4408882,37.8131521
265.2,18.2,84,-122.4406959,37.8132613
265,18.2,85,-122.440507,37.8133763
264.8,18.1,86,-122.4403166,37.8134932
264.5,18.1,87,-122.440125,37.8136094
264.3,18.1,88,-122.4399303,37.8137237
264,18.1,89,-122.4397348,37.8138392
263.6,18.1,90,-122.4395436,37.8139593
263.4,18.1,91,-122.4393537,37.8140809
263.1,18.1,92,-122.4391615,37.8141995
262.6,18,93,-122.4389643,37.8143135
262.2,18,94,-122.4387707,37.8144312
261.8,18,95,-122.4385788,37.8145505
261.5,18,96,-122.4383848,37.8146679
261.1,18,97,-122.4381936,37.8147878
260.9,18,98,-122.438,37.8149061
260.6,18,99,-122.4378082,37.8150237
260.4,18,100,-122.4376195,37.8151447
260.2,18,101,-122.4374287,37.8152625
260.1,18.1,102,-122.43724,37.8153819
260,18.1,103,-122.4370468,37.8154973
259.9,18.2,104,-122.436858,37.8156145
259.9,18.2,105,-122.4366732,37.8157329
259.9,18.3,106,-122.4364909,37.815855
259.9,18.4,107,-122.436309,37.8159768
259.8,18.4,108,-122.4361247,37.8160951
259.7,18.5,109,-122.435944,37.8162139
259.6,18.6,110,-122.4357657,37.8163358
259.4,18.6,111,-122.435588,37.8164596
259.3,18.7,112,-122.4354062,37.8165813
259.1,18.7,113,-122.435231,37.8167086
258.9,18.7,114,-122.435056,37.8168367
258.8,18.7,115,-122.4348802,37.8169629
258.7,18.8,116,-122.4347064,37.8170876
258.5,18.8,117,-122.4345334,37.8172121
258.3,18.8,118,-122.4343601,37.8173377
258.1,18.7,119,-122.4341857,37.8174641
258,18.7,120,-122.4340144,37.8175938
257.7,18.7,121,-122.4338446,37.8177233
257.5,18.6,122,-122.4336691,37.8178473
257.2,18.6,123,-122.4334918,37.8179696
257,18.5,124,-122.4333121,37.8180885
256.7,18.5,125,-122.4331322,37.8182082
256.5,18.4,126,-122.432956,37.8183302
256.2,18.3,127,-122.4327838,37.8184522
256.1,18.3,128,-122.4326152,37.8185737
255.8,18.2,129,-122.4324477,37.8186966
255.5,18.2,130,-122.4322838,37.8188223
255.3,18.2,131,-122.4321207,37.8189478
255,18.2,132,-122.4319558,37.8190709
254.8,18.2,133,-122.4317886,37.8191894
254.6,18.2,134,-122.4316188,37.8193047
254.4,18.2,135,-122.4314523,37.8194234
254.3,18.3,136,-122.4312856,37.8195438
254.2,18.3,137,-122.4311199,37.8196636
254.2,18.4,138,-122.4309572,37.8197836
254.1,18.5,139,-122.4307951,37.8199029
254.1,18.5,140,-122.4306373,37.8200235
254,18.6,141,-122.4304843,37.8201481
254,18.7,142,-122.4303299,37.8202719
254,18.7,143,-122.4301759,37.8203951
253.9,18.8,144,-122.4300209,37.8205166
253.8,18.9,145,-122.4298687,37.8206375
253.6,18.9,146,-122.4297237,37.8207626
253.5,19,147,-122.4295786,37.8208872
253.3,19,148,-122.4294358,37.8210151
253,19,149,-122.4292982,37.8211434
252.7,19.1,150,-122.4291562,37.8212647
252.4,19.1,151,-122.4290202,37.8213872
252.1,19.1,152,-122.4288894,37.8215099
251.8,19.1,153,-122.4287643,37.8216362
251.6,19.1,154,-122.4286326,37.8217578
251.4,19,155,-122.4284955,37.8218738
251.2,19,156,-122.4283486,37.82198
251.1,18.9,157,-122.4281901,37.8220702
251.1,18.8,158,-122.4280171,37.8221318
251.1,18.8,159,-122.4278407,37.8221608
251.1,18.7,160,-122.4276708,37.8221711
251.1,18.6,161,-122.427506,37.8221676
251.1,18.5,162,-122.4273423,37.8221523
251.2,18.3,163,-122.4271797,37.8221223
251.1,18.2,164,-122.4270115,37.8220935
251.1,18.1,165,-122.426841,37.822054
251,18,166,-122.4266645,37.8220172
250.8,17.8,167,-122.4264879,37.8219759
250.7,17.7,168,-122.4263083,37.8219288
250.6,17.5,169,-122.4261227,37.8218811
250.4,17.4,170,-122.4259363,37.8218309
250.3,17.2,171,-122.4257515,37.8217751
250.2,17.1,172,-122.4255694,37.8217136
250.1,17,173,-122.4253832,37.8216546
250.1,16.9,174,-122.4251964,37.821592
250,16.7,175,-122.4250121,37.8215216
250,16.6,176,-122.4248198,37.8214519
250,16.5,177,-122.4246218,37.821375
250,16.4,178,-122.4244227,37.8212923
250.1,16.2,179,-122.4242154,37.8212169
250.1,16.1,180,-122.4240057,37.8211376
250.1,15.9,181,-122.4237946,37.8210506
250.2,15.7,182,-122.4235754,37.8209709
250.2,15.6,183,-122.4233509,37.820897
250.2,15.4,184,-122.4231197,37.8208323
250.2,15.3,185,-122.4228817,37.8207822
250.2,15.2,186,-122.4226553,37.8207155
250.2,15,187,-122.4224344,37.8206513
250.1,15,188,-122.42221,37.8206027
250.1,14.9,189,-122.4219919,37.8205526
250,14.9,190,-122.4217707,37.8205117
250,14.9,191,-122.4215567,37.8204595
249.9,14.9,192,-122.4213382,37.8204141
249.9,14.9,193,-122.421121,37.8203594
249.8,14.9,194,-122.4209052,37.8203035
249.8,15,195,-122.4206833,37.8202551
249.8,15.1,196,-122.4204586,37.8202021
249.8,15.1,197,-122.4202341,37.8201499
249.8,15.2,198,-122.4200096,37.8201034
249.8,15.3,199,-122.4197857,37.8200557
249.8,15.4,200,-122.4195629,37.8200079
249.8,15.4,201,-122.4193426,37.8199593
249.8,15.5,202,-122.4191207,37.8199064
249.8,15.6,203,-122.4188977,37.819856
249.9,15.7,204,-122.4186711,37.8198178
249.9,15.8,205,-122.4184453,37.8197794
249.9,15.8,206,-122.4182226,37.819731
249.9,15.9,207,-122.4179998,37.8196853
249.9,15.9,208,-122.4177772,37.8196422
249.9,16,209,-122.4175536,37.8195973
249.9,16,210,-122.4173292,37.819555
249.9,16,211,-122.417105,37.8195176
249.9,16.1,212,-122.416882,37.8194765
250.1,16.1,213,-122.4166579,37.8194369
250.2,16.1,214,-122.4164331,37.8193978
250.3,16.2,215,-122.4162095,37.8193625
250.5,16.2,216,-122.4159866,37.8193259
250.7,16.3,217,-122.4157654,37.8192874
250.9,16.3,218,-122.415544,37.8192505
251.2,16.3,219,-122.4153237,37.8192138
251.5,16.4,220,-122.4151027,37.8191772
251.7,16.4,221,-122.4148806,37.8191437
252,16.4,222,-122.4146605,37.8191109
252.1,16.5,223,-122.4144405,37.8190773
252.3,16.5,224,-122.4142191,37.8190396
252.4,16.5,225,-122.4139958,37.8190047
252.4,16.5,226,-122.4137742,37.81897
252.4,16.6,227,-122.4135531,37.818946
252.4,16.6,228,-122.4133314,37.8189268
252.4,16.6,229,-122.4131091,37.8189013
252.3,16.6,230,-122.4128853,37.8188773
252.2,16.5,231,-122.4126625,37.8188642
252.2,16.5,232,-122.4124439,37.8188559
252.1,16.4,233,-122.4122283,37.8188435
251.9,16.3,234,-122.4120147,37.8188374
251.8,16.3,235,-122.4118037,37.8188305
251.6,16.2,236,-122.4115933,37.8188196
251.5,16.1,237,-122.4113817,37.8188002
251.3,16,238,-122.411168,37.8187837
251.2,15.9,239,-122.4109574,37.8187678
251.1,15.9,240,-122.4107459,37.8187548
251,15.9,241,-122.410533,37.8187375
250.9,15.9,242,-122.4103188,37.8187257
250.6,15.9,243,-122.4101036,37.8187126
250.3,16,244,-122.4098885,37.8187004
250.1,16.1,245,-122.4096734,37.8186912
249.8,16.2,246,-122.4094577,37.8186825
249.4,16.4,247,-122.4092424,37.8186718
249,16.5,248,-122.4090256,37.8186656
248.6,16.6,249,-122.4088081,37.8186658
248.2,16.7,250,-122.4085907,37.8186689
247.8,16.8,251,-122.4083702,37.8186683
247.5,16.9,252,-122.4081505,37.8186677
247.2,17,253,-122.4079301,37.818671
246.9,17,254,-122.4077092,37.8186725
246.6,17,255,-122.407487,37.8186756
246.4,17,256,-122.4072647,37.8186815
246.2,17.1,257,-122.4070425,37.8186915
246,17,258,-122.4068209,37.8187036
245.8,17,259,-122.4066001,37.8187119
245.6,17,260,-122.40638,37.8187203
245.5,17,261,-122.4061619,37.8187295
245.2,17,262,-122.405945,37.8187286
244.9,17,263,-122.4057285,37.8187303
244.7,17.1,264,-122.4055107,37.8187357
244.4,17.1,265,-122.4052937,37.8187559
244.2,17.1,266,-122.4050831,37.8187925
243.9,17.2,267,-122.4048885,37.81885
243.7,17.3,268,-122.4047226,37.8189308
243.4,17.3,269,-122.4045858,37.8190263
243.2,17.4,270,-122.4044638,37.8191255
243.1,17.5,271,-122.4043543,37.8192309
243,17.6,272,-122.4042563,37.819344
242.9,17.7,273,-122.4041656,37.8194644
242.8,17.8,274,-122.4040698,37.8195862
242.8,17.9,275,-122.4039682,37.8197093
242.8,17.9,276,-122.4038633,37.8198349
242.7,18,277,-122.4037559,37.8199629
242.6,18.1,278,-122.4036412,37.8200902
242.5,18.1,279,-122.4035233,37.820217
242.4,18.1,280,-122.4034041,37.8203484
242.3,18.1,281,-122.4032872,37.8204849
242.2,18.1,282,-122.4031723,37.8206253
242.1,18.1,283,-122.4030504,37.8207653
242.1,18,284,-122.4029383,37.8209106
242,18,285,-122.4028303,37.8210566
242,17.9,286,-122.4027143,37.8212012
242,17.9,287,-122.4026064,37.8213502
242,17.9,288,-122.4025063,37.8215021
242,17.8,289,-122.4023998,37.8216516
242,17.8,290,-122.4022834,37.8217977
242,17.8,291,-122.4021823,37.821951
242,17.7,292,-122.4020839,37.8221054
242,17.7,293,-122.4019731,37.8222535
242.1,17.7,294,-122.4018469,37.8223945
242.1,17.7,295,-122.4017034,37.8225218
242.1,17.7,296,-122.4015373,37.8226205
242.1,17.8,297,-122.4013626,37.8226946
242.2,17.8,298,-122.4011819,37.8227394
242.2,17.8,299,-122.4010026,37.8227583
242.2,17.8,300,-122.4008268,37.8227457
242.2,17.8,301,-122.4006576,37.8227092
242.2,17.8,302,-122.4004897,37.822664
242.2,17.8,303,-122.4003413,37.8225914
242.2,17.8,304,-122.4002485,37.8224902
242.1,17.7,305,-122.4002315,37.8223856
242.1,17.7,306,-122.400251,37.8222893
242.1,17.6,307,-122.4002925,37.8222007
242.1,17.6,308,-122.4003318,37.8221108
242.1,17.5,309,-122.4003603,37.8220216
242.1,17.5,310,-122.4003858,37.8219352
242.1,17.4,311,-122.4004097,37.8218484
242.1,17.4,312,-122.4004287,37.8217601
242.1,17.3,313,-122.4004451,37.8216684
242.1,17.3,314,-122.4004648,37.8215751
242.1,17.2,315,-122.4004909,37.8214822
242.1,17.2,316,-122.4005194,37.8213867
242.1,17.2,317,-122.4005482,37.8212893
242.1,17.2,318,-122.4005798,37.8211907
242.1,17.2,319,-122.4006162,37.8210909
242.1,17.2,320,-122.4006517,37.8209889
242.1,17.2,321,-122.4006881,37.8208853
242.1,17.2,322,-122.400725,37.820781
242.1,17.2,323,-122.4007648,37.8206773
242.1,17.2,324,-122.4008066,37.820575
242.1,17.1,325,-122.4008488,37.8204745
242.1,17.1,326,-122.4008881,37.8203724
241.9,17.1,327,-122.4009264,37.82027
241.8,17.1,328,-122.4009607,37.8201672
241.6,17,329,-122.4010001,37.8200655
241.3,17,330,-122.4010353,37.8199588
241.1,17,331,-122.40107,37.8198511
240.9,16.9,332,-122.4011027,37.8197419
240.6,16.9,333,-122.4011418,37.8196324
240.3,16.9,334,-122.4011772,37.8195207
240.1,16.8,335,-122.4012131,37.8194086
239.9,16.8,336,-122.4012513,37.8192952
239.7,16.8,337,-122.4012914,37.8191832
239.6,16.8,338,-122.4013291,37.8190693
239.5,16.8,339,-122.4013617,37.8189528
239.5,16.8,340,-122.4013955,37.8188357
239.5,16.8,341,-122.401429,37.8187179
239.5,16.7,342,-122.4014634,37.8186017
239.5,16.7,343,-122.4014945,37.8184858
239.6,16.7,344,-122.4015221,37.8183679
239.7,16.7,345,-122.4015416,37.8182483
239.8,16.6,346,-122.4015661,37.8181271
239.8,16.6,347,-122.4015925,37.8180063
239.9,16.6,348,-122.4016216,37.8178855
239.9,16.5,349,-122.4016544,37.8177651
240,16.5,350,-122.401691,37.8176469
240,16.4,351,-122.4017267,37.8175285
240,16.4,352,-122.4017538,37.8174086
240,16.4,353,-122.4017789,37.8172895
240,16.3,354,-122.4018092,37.8171716
240,16.3,355,-122.4018434,37.8170552
240,16.3,356,-122.4018803,37.8169382
240,16.3,357,-122.4019184,37.8168199
240,16.3,358,-122.4019567,37.8166994
239.9,16.3,359,-122.4019941,37.8165805
239.9,16.3,360,-122.4020375,37.8164663
239.9,16.3,361,-122.4020897,37.8163638
239.8,16.3,362,-122.4021525,37.816286
239.7,16.3,363,-122.4022162,37.8162281
239.6,16.3,364,-122.4022799,37.8161874
239.5,16.3,365,-122.4023405,37.8161647
239.3,16.3,366,-122.4023997,37.8161549
239,16.2,367,-122.4024606,37.8161563
238.7,16.2,368,-122.4025269,37.8161668
238.5,16.2,369,-122.4025976,37.8161868
238.2,16.2,370,-122.4026717,37.8162192
237.9,16.1,371,-122.4027468,37.8162652
237.7,16.1,372,-122.4028195,37.8163254
237.4,16,373,-122.402891,37.8163977
237.2,16,374,-122.4029597,37.8164799
237,15.9,375,-122.4030279,37.8165684
236.8,15.9,376,-122.4031035,37.8166556
236.7,15.9,377,-122.403183,37.8167449
236.6,15.9,378,-122.4032617,37.8168408
236.5,15.9,379,-122.4033421,37.8169399
236.5,15.9,380,-122.4034225,37.8170414
236.6,15.9,381,-122.4035032,37.8171477
236.6,16,382,-122.4036084,37.8172475
236.7,16,383,-122.4037275,37.8173385
236.7,16.1,384,-122.4038517,37.8174158
236.8,16.1,385,-122.403984,37.8174753
236.9,16.2,386,-122.4041213,37.8175236
236.9,16.2,387,-122.4042594,37.8175636
237,16.2,388,-122.4043977,37.817595
237,16.3,389,-122.404537,37.8176237
237.1,16.3,390,-122.4046758,37.8176506
237.1,16.3,391,-122.4048145,37.8176737
237.1,16.3,392,-122.4049536,37.8177049
237.1,16.3,393,-122.4050919,37.8177362
237.1,16.2,394,-122.4052328,37.817768
237,16.2,395,-122.4053762,37.8178054
237,16.2,396,-122.4055211,37.8178448
237,16.2,397,-122.4056641,37.8178815
237,16.2,398,-122.405806,37.8179197
237,16.1,399,-122.4059477,37.8179634
236.9,16.1,400,-122.40609,37.81801
236.9,16.1,401,-122.4062343,37.8180561
236.9,16.1,402,-122.4063807,37.8181018
236.9,16.2,403,-122.4065288,37.8181521
236.9,16.2,404,-122.4066802,37.8181993
236.9,16.2,405,-122.4068295,37.8182499
237,16.2,406,-122.406976,37.8182982
237.2,16.3,407,-122.4071236,37.8183417
237.4,16.3,408,-122.4072702,37.8183877
237.6,16.3,409,-122.4074187,37.8184373
237.9,16.4,410,-122.4075697,37.8184829
238.2,16.4,411,-122.4077181,37.8185297
238.5,16.5,412,-122.4078631,37.818578
238.7,16.5,413,-122.4080052,37.8186292
239.1,16.6,414,-122.4081465,37.8186794
239.4,16.6,415,-122.4082871,37.8187311
239.7,16.7,416,-122.4084306,37.8187866
239.9,16.7,417,-122.408579,37.8188407
240.1,16.7,418,-122.4087282,37.8188898
240.3,16.7,419,-122.4088738,37.8189357
240.4,16.7,420,-122.4090151,37.8189811
240.5,16.7,421,-122.4091515,37.8190295
240.5,16.7,422,-122.4092862,37.8190811
240.3,16.7,423,-122.4094213,37.8191331
240.1,16.7,424,-122.4095601,37.8191848
239.8,16.7,425,-122.4097003,37.8192396
239.5,16.7,426,-122.4098404,37.8192937
239.1,16.7,427,-122.4099813,37.8193459
238.6,16.6,428,-122.4101186,37.8194021
238.2,16.6,429,-122.4102522,37.819457
237.9,16.6,430,-122.4103844,37.8195063
237.6,16.6,431,-122.4105139,37.8195574
237.3,16.6,432,-122.4106408,37.8196086
237.2,16.6,433,-122.4107653,37.819661
237.3,16.7,434,-122.4108901,37.8197094
237.4,16.7,435,-122.4110121,37.8197579
237.7,16.7,436,-122.4111322,37.8198044
238.1,16.7,437,-122.4112515,37.8198453
238.5,16.8,438,-122.4113649,37.8198744
238.9,16.8,439,-122.411464,37.8198858
239.4,16.9,440,-122.411544,37.8198804
239.9,16.9,441,-122.4116091,37.8198628
240.4,16.9,442,-122.4116597,37.8198347
240.9,17,443,-122.4116974,37.8197958
241.3,17,444,-122.4117312,37.819747
241.7,17.1,445,-122.4117673,37.8196931
242.1,17.1,446,-122.4118016,37.8196335
242.4,17.2,447,-122.4118359,37.8195675
242.7,17.2,448,-122.4118707,37.8194968
243,17.3,449,-122.4119049,37.8194218
243.3,17.4,450,-122.4119401,37.8193429
243.5,17.4,451,-122.4119736,37.8192609
243.7,17.5,452,-122.4120089,37.8191745
244,17.6,453,-122.4120446,37.8190827
244.3,17.6,454,-122.4120823,37.8189873
244.5,17.7,455,-122.4121184,37.8188863
244.7,17.7,456,-122.4121539,37.8187808
245,17.7,457,-122.4121889,37.8186705
245.3,17.8,458,-122.4122174,37.818554
245.6,17.8,459,-122.4122521,37.8184405
245.9,17.8,460,-122.4122852,37.8183264
246.1,17.8,461,-122.4123086,37.818204
246.3,17.8,462,-122.4123403,37.8180823
246.5,17.8,463,-122.4123776,37.8179613
246.6,17.7,464,-122.4124132,37.8178352
246.7,17.7,465,-122.4124491,37.8177033
246.8,17.7,466,-122.4124879,37.8175736
246.8,17.6,467,-122.4125252,37.8174448
246.7,17.6,468,-122.4125646,37.8173164
246.7,17.6,469,-122.4126059,37.8171878
246.6,17.5,470,-122.4126452,37.8170564
246.5,17.5,471,-122.4126907,37.816925
246.5,17.5,472,-122.4127313,37.8167924
246.4,17.4,473,-122.4127727,37.8166577
246.3,17.4,474,-122.4128196,37.8165246
246.3,17.3,475,-122.4128597,37.8163893
246.2,17.3,476,-122.4128951,37.8162481
246.2,17.2,477,-122.4129472,37.8161098
246.2,17.2,478,-122.4130054,37.8159756
246.2,17.1,479,-122.4130664,37.8158479
246.2,17.1,480,-122.413127,37.8157256
246.2,17,481,-122.4131815,37.8156014
246.2,17,482,-122.4132348,37.8154743
246.2,17,483,-122.4132971,37.8153496
246.2,17,484,-122.4133615,37.8152256
246.3,17,485,-122.4134273,37.8151027
246.3,17,486,-122.4134893,37.8149799
246.3,17.1,487,-122.4135519,37.8148584
246.3,17.1,488,-122.4136156,37.8147361
246.3,17.2,489,-122.4136744,37.814613
246.4,17.3,490,-122.413735,37.8144924
246.4,17.3,491,-122.4137913,37.8143743
246.5,17.4,492,-122.4138478,37.8142591
246.6,17.5,493,-122.4139145,37.8141581
246.7,17.5,494,-122.413994,37.8140843
246.8,17.6,495,-122.4140749,37.8140418
246.9,17.7,496,-122.4141513,37.8140182
247.1,17.7,497,-122.4142229,37.8140117
247.3,17.8,498,-122.4142902,37.8140248
247.5,17.8,499,-122.4143614,37.8140475
247.8,17.9,500,-122.4144371,37.8140743
248.1,17.9,501,-122.4145181,37.8141106
248.4,18,502,-122.4146026,37.8141545
248.7,18.1,503,-122.4146935,37.8142029
249,18.1,504,-122.4147869,37.814255
249.2,18.2,505,-122.4148835,37.8143078
249.5,18.3,506,-122.4149848,37.8143618
249.7,18.3,507,-122.4150887,37.8144162
249.9,18.4,508,-122.4151961,37.8144698
250.1,18.4,509,-122.4153053,37.8145217
250.2,18.5,510,-122.4154182,37.8145703
250.4,18.5,511,-122.4155332,37.8146216
250.6,18.5,512,-122.4156503,37.8146744
250.7,18.5,513,-122.4157673,37.8147263
250.9,18.5,514,-122.415884,37.8147802
251,18.5,515,-122.416002,37.8148398
251.2,18.5,516,-122.4161213,37.814899
251.4,18.5,517,-122.4162386,37.8149577
251.5,18.5,518,-122.4163534,37.815018
251.7,18.5,519,-122.4164679,37.8150792
251.9,18.4,520,-122.4165842,37.8151377
252,18.4,521,-122.4167006,37.8151948
252.2,18.4,522,-122.416818,37.8152487
252.3,18.3,523,-122.4169336,37.8153045
252.3,18.3,524,-122.4170496,37.8153591
252.4,18.2,525,-122.417164,37.8154117
252.4,18.2,526,-122.417279,37.8154645
252.4,18.1,527,-122.4173936,37.8155169
252.4,18.1,528,-122.4175087,37.8155642
252.3,18,529,-122.4176223,37.8156141
252.3,17.9,530,-122.4177376,37.8156655
252.2,17.9,531,-122.4178517,37.8157223
252.2,17.8,532,-122.4179674,37.815777
252.1,17.8,533,-122.418084,37.8158305
252.1,17.7,534,-122.4182018,37.8158892
252,17.7,535,-122.418324,37.8159519
252,17.6,536,-122.4184499,37.8160141
251.9,17.6,537,-122.4185791,37.8160708
251.7,17.6,538,-122.4187091,37.8161258
251.6,17.5,539,-122.4188376,37.8161848
251.4,17.5,540,-122.4189647,37.8162474
251.2,17.5,541,-122.4190941,37.8163102
251,17.5,542,-122.4192259,37.8163643
250.9,17.5,543,-122.4193546,37.8164193
250.8,17.5,544,-122.4194826,37.8164746
250.7,17.5,545,-122.4196111,37.8165304
250.6,17.6,546,-122.4197391,37.8165864
250.6,17.6,547,-122.4198665,37.8166397
250.6,17.6,548,-122.4199913,37.8166979
250.6,17.7,549,-122.4201157,37.8167585
250.6,17.7,550,-122.4202419,37.8168261
250.6,17.8,551,-122.4203706,37.81689
250.7,17.8,552,-122.4204974,37.8169531
250.7,17.9,553,-122.4206223,37.8170156
250.8,17.9,554,-122.4207464,37.8170774
250.8,18,555,-122.4208726,37.8171432
250.7,18.1,556,-122.4210045,37.817206
250.5,18.2,557,-122.4211379,37.8172661
250.3,18.3,558,-122.4212715,37.8173288
250.1,18.3,559,-122.421407,37.8173902
249.9,18.4,560,-122.4215444,37.8174536
249.7,18.5,561,-122.4216842,37.8175192
249.5,18.6,562,-122.4218256,37.8175825
249.4,18.6,563,-122.4219685,37.8176432
249.2,18.7,564,-122.4221103,37.817708
249.1,18.8,565,-122.4222535,37.8177711
249,18.9,566,-122.4223956,37.8178368
249,19,567,-122.4225397,37.8178998
249,19,568,-122.4226819,37.8179658
249,19.1,569,-122.4228262,37.8180311
249.1,19.2,570,-122.4229704,37.8180959
249.1,19.2,571,-122.4231134,37.8181555
249.2,19.3,572,-122.4232527,37.8182128
249.3,19.4,573,-122.4233922,37.8182677
249.3,19.4,574,-122.4235308,37.8183249
249.4,19.5,575,-122.4236667,37.8183871
249.4,19.5,576,-122.4237988,37.8184505
249.5,19.6,577,-122.4239284,37.8185006
249.5,19.7,578,-122.4240464,37.8185235
249.5,19.8,579,-122.424146,37.8185222
249.5,19.9,580,-122.4242266,37.8185054
249.6,20,581,-122.4242898,37.8184742
249.6,20.1,582,-122.4243376,37.8184281
249.7,20.2,583,-122.4243761,37.8183695
249.7,20.3,584,-122.4244156,37.8183041
249.9,20.4,585,-122.4244535,37.8182323
250.2,20.5,586,-122.4244908,37.8181537
250.5,20.6,587,-122.4245309,37.8180732
250.8,20.6,588,-122.4245706,37.8179882
251.1,20.6,589,-122.4246127,37.8178996
251.4,20.6,590,-122.4246541,37.8178069
251.8,20.6,591,-122.4246966,37.8177087
252.2,20.5,592,-122.4247393,37.8176061
252.6,20.4,593,-122.424781,37.8174997
252.9,20.4,594,-122.4248236,37.8173909
253.1,20.3,595,-122.4248648,37.8172791
253.3,20.2,596,-122.424911,37.8171678
253.5,20.1,597,-122.4249558,37.8170537
253.5,20,598,-122.4250012,37.8169356
253.6,19.9,599,-122.4250481,37.8168167
253.6,19.8,600,-122.4250916,37.8166943
253.5,19.7,601,-122.4251361,37.8165661
253.4,19.7,602,-122.4251918,37.8164364
253.3,19.6,603,-122.4252551,37.8163105
253.2,19.6,604,-122.4253175,37.8161851
253.1,19.6,605,-122.4253811,37.8160606
253,19.6,606,-122.4254485,37.8159408
252.9,19.6,607,-122.4255143,37.8158195
252.9,19.5,608,-122.4255892,37.8157013
252.8,19.5,609,-122.4256666,37.8155876
252.8,19.5,610,-122.4257451,37.8154762
252.8,19.5,611,-122.4258248,37.8153652
252.8,19.5,612,-122.4259049,37.8152547
252.9,19.5,613,-122.4259831,37.8151412
253,19.5,614,-122.4260645,37.8150295
253.2,19.5,615,-122.4261441,37.8149182
253.4,19.4,616,-122.426224,37.8148093
253.6,19.4,617,-122.4262979,37.8146962
253.9,19.4,618,-122.4263746,37.8145797
254.2,19.4,619,-122.4264507,37.8144587
254.5,19.4,620,-122.4265292,37.8143388
254.8,19.4,621,-122.4266087,37.8142199
255,19.4,622,-122.4266863,37.8140975
255.3,19.4,623,-122.4267655,37.8139762
255.5,19.4,624,-122.4268497,37.8138583
255.8,19.4,625,-122.4269316,37.8137407
256,19.5,626,-122.4270104,37.8136224
256.2,19.5,627,-122.4270865,37.8135018
256.3,19.6,628,-122.427165,37.8133798
256.5,19.7,629,-122.4272425,37.8132547
256.6,19.8,630,-122.4273193,37.8131295
256.7,19.9,631,-122.4273997,37.8130111
256.8,20,632,-122.427476,37.8128933
256.9,20.1,633,-122.4275501,37.8127754
257,20.2,634,-122.4276235,37.8126584
257.2,20.3,635,-122.4276966,37.8125396
257.3,20.4,636,-122.4277691,37.812422
257.5,20.5,637,-122.4278468,37.8123138
257.6,20.6,638,-122.4279356,37.8122302
257.7,20.7,639,-122.4280278,37.8121779
257.8,20.8,640,-122.4281143,37.8121446
257.9,20.9,641,-122.4281937,37.8121321
257.9,21,642,-122.4282637,37.8121434
258,21.1,643,-122.4283298,37.8121693
258,21.2,644,-122.4284004,37.8121988
258,21.2,645,-122.4284737,37.8122363
258,21.3,646,-122.4285507,37.8122823
257.9,21.3,647,-122.4286317,37.8123339
257.9,21.3,648,-122.4287164,37.8123911
257.9,21.3,649,-122.4288084,37.8124501
257.8,21.3,650,-122.4289013,37.8125157
257.8,21.2,651,-122.4289963,37.8125846
257.7,21.2,652,-122.4290945,37.8126531
257.7,21.1,653,-122.4291954,37.8127221
257.7,21.1,654,-122.4292993,37.8127926
257.7,21,655,-122.4294074,37.812863
257.7,20.9,656,-122.4295167,37.8129359
257.7,20.8,657,-122.4296307,37.8130069
257.7,20.7,658,-122.4297462,37.8130811
257.7,20.6,659,-122.4298651,37.813156
257.7,20.5,660,-122.4299843,37.813237
257.7,20.3,661,-122.4301073,37.8133181
257.7,20.2,662,-122.4302347,37.8133946
257.7,20,663,-122.4303652,37.813469
257.5,19.9,664,-122.4304983,37.8135456
257.4,19.7,665,-122.4306339,37.8136235
257.3,19.5,666,-122.4307728,37.813696
257.2,19.3,667,-122.4309138,37.8137623
257.1,19.2,668,-122.4310568,37.8138239
256.9,18.8,670,-122.4313404,37.813942
256.7,18.6,671,-122.4314803,37.813999
256.6,18.5,672,-122.4316175,37.8140556
256.5,18.4,673,-122.4317503,37.8141135
256.3,18.3,674,-122.4318798,37.8141694
256,18.2,675,-122.4320058,37.8142259
255.7,18.2,676,-122.4321314,37.8142825
255.4,18.1,677,-122.4322563,37.8143451
255.1,18.1,678,-122.4323821,37.8144089
254.8,18.2,679,-122.432509,37.8144735
254.5,18.2,680,-122.4326348,37.8145401
254.2,18.3,681,-122.4327608,37.8146133
254,18.3,682,-122.4328913,37.814687
253.7,18.4,683,-122.433024,37.8147608
253.4,18.4,684,-122.4331606,37.8148315
253.2,18.5,685,-122.4333004,37.8148958
252.9,18.5,686,-122.433443,37.814962
252.7,18.6,687,-122.4335906,37.8150246
252.5,18.6,688,-122.4337383,37.815086
252.2,18.6,689,-122.4338831,37.8151479
252.1,18.7,690,-122.4340266,37.8152081
251.9,18.7,691,-122.4341682,37.8152656
251.7,18.7,692,-122.4343108,37.8153214
251.5,18.7,693,-122.434454,37.815378
251.3,18.7,694,-122.4345981,37.8154346
251.1,18.7,695,-122.4347421,37.8154919
251,18.7,696,-122.4348851,37.8155469
250.8,18.8,697,-122.4350273,37.8156016
250.7,18.8,698,-122.4351684,37.8156546
250.6,18.7,699,-122.4353079,37.8157073
250.6,18.7,700,-122.4354443,37.8157629
250.6,18.7,701,-122.4355772,37.8158176
250.6,18.7,702,-122.435707,37.8158735
250.6,18.7,703,-122.4358373,37.8159305
250.6,18.7,704,-122.4359664,37.8159857
250.7,18.7,705,-122.4360916,37.8160416
250.7,18.7,706,-122.4362111,37.8160979
250.8,18.6,707,-122.4363287,37.8161454
250.8,18.6,708,-122.4364408,37.8161778
250.9,18.6,709,-122.4365381,37.8161856
250.9,18.5,710,-122.4366184,37.8161762
250.9,18.5,711,-122.4366857,37.8161549
250.9,18.4,712,-122.436743,37.8161236
251,18.4,713,-122.4367901,37.8160816
251,18.3,714,-122.4368336,37.8160284
251,18.2,715,-122.4368809,37.8159665
250.9,18.2,716,-122.4369309,37.8158979
250.9,18.1,717,-122.4369826,37.8158217
250.9,18.1,718,-122.4370379,37.8157389
250.9,18,719,-122.4370947,37.8156524
250.9,18,720,-122.4371526,37.8155645
250.9,18,721,-122.4372093,37.8154736
250.9,18,722,-122.4372654,37.8153818
250.9,18,723,-122.4373255,37.815292
251,18,724,-122.4373866,37.8151995
251.1,18,725,-122.4374431,37.8151003
251.2,18.1,726,-122.4375006,37.8149992
251.3,18.1,727,-122.4375617,37.8148969
251.5,18.2,728,-122.4376208,37.8147912
251.7,18.2,729,-122.437681,37.814683
252,18.3,730,-122.4377404,37.8145726
252.2,18.3,731,-122.4377973,37.8144591
252.5,18.4,732,-122.4378532,37.8143419
252.8,18.5,733,-122.437913,37.814224
253.1,18.5,734,-122.4379712,37.8141003
253.4,18.6,735,-122.4380317,37.8139739
253.7,18.6,736,-122.4380896,37.8138441
253.9,18.6,737,-122.4381448,37.8137115
254.2,18.6,738,-122.4382034,37.8135813
254.5,18.7,739,-122.4382684,37.8134533
254.7,18.7,740,-122.4383366,37.8133248
254.9,18.7,741,-122.4384103,37.8131996
255,18.7,742,-122.4384838,37.8130744
255.1,18.7,743,-122.4385593,37.8129513
255.2,18.7,744,-122.4386335,37.8128277
255.2,18.7,745,-122.4387111,37.8127024
255.2,18.7,746,-122.4387889,37.8125748
255.2,18.8,747,-122.43887,37.8124501
255.1,18.8,748,-122.4389487,37.8123238
255,18.8,749,-122.439028,37.8121971
255,18.8,750,-122.4391042,37.8120701
254.9,18.8,751,-122.4391841,37.8119498
254.9,18.8,752,-122.4392613,37.8118295
254.8,18.8,753,-122.4393355,37.8117093
254.7,18.8,754,-122.439411,37.8115898
254.7,18.7,755,-122.4394849,37.8114696
254.7,18.7,756,-122.4395567,37.8113497
254.7,18.7,757,-122.4396301,37.8112335
254.7,18.6,758,-122.4397066,37.8111194
254.7,18.6,759,-122.439778,37.811001
254.7,18.6,760,-122.4398485,37.8108862
254.7,18.6,761,-122.4399239,37.8107801
254.7,18.5,762,-122.4400104,37.8106942
254.8,18.5,763,-122.440103,37.8106393
254.8,18.5,764,-122.4401925,37.8106055
254.8,18.5,765,-122.4402753,37.8105978
254.8,18.5,766,-122.4403463,37.8106118
254.8,18.5,767,-122.4404108,37.8106408
254.8,18.5,768,-122.4404755,37.8106777
254.8,18.5,769,-122.4405425,37.810722
254.8,18.5,770,-122.4406145,37.8107729
254.8,18.5,771,-122.4406902,37.8108309
254.9,18.6,772,-122.4407718,37.8108902
255,18.6,773,-122.4408568,37.8109511
255.1,18.6,774,-122.4409446,37.8110127
255.2,18.6,775,-122.441035,37.8110764
255.3,18.6,776,-122.4411291,37.811141
255.4,18.6,777,-122.4412246,37.8112074
255.6,18.6,778,-122.4413204,37.8112771
255.8,18.6,779,-122.4414199,37.811346
256.1,18.6,780,-122.441521,37.811417
256.3,18.6,781,-122.4416247,37.8114904
256.6,18.5,782,-122.4417314,37.8115628
256.8,18.5,783,-122.4418404,37.8116356
257,18.5,784,-122.4419509,37.8117084
257.1,18.4,785,-122.442061,37.8117835
257.2,18.4,786,-122.442175,37.8118596
257.3,18.3,787,-122.4422935,37.8119397
257.3,18.2,788,-122.4424176,37.8120204
257.3,18.1,789,-122.4425422,37.8121054
257.3,18.1,790,-122.442668,37.8121909
257.2,18,791,-122.4427938,37.8122803
257.2,17.9,792,-122.4429237,37.8123717
257.1,17.8,793,-122.4430614,37.8124589
257,17.8,794,-122.4432023,37.8125415
257,17.7,795,-122.4433418,37.8126232
256.9,17.6,796,-122.4434838,37.8127016
256.8,17.6,797,-122.4436254,37.8127827
256.8,17.5,798,-122.4437673,37.8128641
256.8,17.5,799,-122.4439117,37.8129419
256.9,17.4,800,-122.4440567,37.8130117
256.9,17.4,801,-122.4441987,37.8130806
257,17.4,802,-122.4443407,37.81315
257.2,17.3,803,-122.4444828,37.8132189
257.3,17.3,804,-122.4446241,37.8132893
257.4,17.3,805,-122.4447657,37.8133559
257.5,17.3,806,-122.4449045,37.813421
257.6,17.2,807,-122.4450431,37.813483
257.5,17.2,808,-122.4451806,37.813544
257.5,17.2,809,-122.4453163,37.8136035
257.4,17.2,810,-122.4454471,37.813668
257.3,17.2,811,-122.4455779,37.8137318
257.1,17.2,812,-122.4457079,37.8137969
256.9,17.3,813,-122.4458353,37.813865
256.7,17.3,814,-122.4459599,37.8139328
256.5,17.4,815,-122.4460835,37.8139972
256.1,17.4,816,-122.4462057,37.8140605
255.8,17.5,817,-122.446329,37.8141228
255.5,17.6,818,-122.4464514,37.8141871
255.2,17.7,819,-122.4465735,37.8142521
254.9,17.8,820,-122.4466948,37.8143209
254.7,17.9,821,-122.4468171,37.8143901
254.5,18,822,-122.4469413,37.8144636
254.4,18.1,823,-122.4470689,37.814542
254.3,18.2,824,-122.4472001,37.8146204
254.3,18.3,825,-122.4473314,37.8146978
254.3,18.4,826,-122.4474618,37.8147745
254.3,18.4,827,-122.4475934,37.8148477
254.4,18.5,828,-122.4477252,37.8149208
254.5,18.5,829,-122.4478585,37.8149926
254.6,18.6,830,-122.4479926,37.8150635
254.7,18.6,831,-122.4481289,37.8151333
254.7,18.7,832,-122.4482664,37.8152038
254.8,18.7,833,-122.4484038,37.8152754
254.9,18.7,834,-122.4485408,37.8153469
254.9,18.7,835,-122.4486797,37.8154136
255,18.7,836,-122.4488163,37.8154836
255,18.7,837,-122.4489528,37.8155598
255,18.7,838,-122.4490953,37.8156304
255,18.7,839,-122.4492371,37.8157016
254.9,18.7,840,-122.4493769,37.8157717
254.9,18.7,841,-122.4495139,37.8158463
254.9,18.7,842,-122.4496514,37.8159214
254.9,18.7,843,-122.4497884,37.8159958
254.8,18.7,844,-122.449923,37.8160704
254.8,18.6,845,-122.450054,37.8161394
254.8,18.6,846,-122.4501827,37.8162049
254.8,18.6,847,-122.4503076,37.8162665
254.8,18.6,848,-122.4504251,37.81633
254.7,18.6,849,-122.450536,37.8163928
254.7,18.7,850,-122.4506402,37.816455
254.8,18.7,851,-122.4507392,37.8165155
254.8,18.8,852,-122.4508355,37.8165702
254.8,18.8,853,-122.450929,37.8166152
254.8,18.9,854,-122.4510147,37.8166432
254.8,19,855,-122.4510873,37.8166537
254.8,19.1,856,-122.4511467,37.8166497
254.8,19.2,857,-122.4511975,37.8166355
254.8,19.3,858,-122.4512437,37.8166115
254.8,19.4,859,-122.4512874,37.8165773
254.8,19.5,860,-122.4513303,37.8165323
254.9,19.5,861,-122.451371,37.816473
255,19.6,862,-122.4514119,37.8164043
255.1,19.7,863,-122.4514613,37.8163343
255.3,19.8,864,-122.4515177,37.8162621
255.4,19.8,865,-122.4515765,37.8161845
255.7,19.9,866,-122.4516397,37.8161012
255.9,19.9,867,-122.4517039,37.8160143
256.2,19.9,868,-122.4517681,37.8159235
256.4,20,869,-122.4518363,37.8158339
256.6,20,870,-122.451908,37.8157406
256.8,20,871,-122.4519839,37.8156466
257,20,872,-122.4520634,37.8155551
257.1,20,873,-122.4521422,37.8154625
257.2,20,874,-122.4522183,37.8153683
257.2,20,875,-122.4522914,37.8152723
257.2,20,876,-122.4523611,37.8151721
257.2,20,877,-122.4524348,37.8150742
257.3,20,878,-122.4525083,37.8149726
257.3,19.9,879,-122.4525747,37.8148635
257.4,19.9,880,-122.4526451,37.8147555
257.5,19.9,881,-122.4527202,37.8146519
257.7,19.9,882,-122.4527956,37.8145456
257.9,19.8,883,-122.4528742,37.8144406
258.1,19.8,884,-122.4529523,37.8143333
258.4,19.8,885,-122.4530352,37.8142279
258.7,19.8,886,-122.4531226,37.8141209
259,19.8,887,-122.4532166,37.8140192
259.4,19.8,888,-122.4533149,37.8139232
259.7,19.8,889,-122.4534132,37.8138278
260,19.9,890,-122.4535092,37.8137343
260.2,19.9,891,-122.4536047,37.8136438
260.4,20,892,-122.4536998,37.813553
260.5,20,893,-122.4537925,37.8134611
260.6,20.1,894,-122.4538881,37.8133754
260.8,20.2,895,-122.453984,37.81329
260.9,20.2,896,-122.4540797,37.813203
261,20.3,897,-122.454179,37.8131215
261,20.3,898,-122.454277,37.8130389
261.1,20.4,899,-122.4543778,37.8129559
261.3,20.4,900,-122.454478,37.8128736
261.4,20.4,901,-122.4545754,37.8127875
261.6,20.3,902,-122.4546763,37.8127043
261.9,20.3,903,-122.4547764,37.8126227
262.1,20.3,904,-122.454873,37.8125353
262.4,20.3,905,-122.4549736,37.8124474
262.6,20.2,906,-122.4550739,37.8123596
262.8,20.2,907,-122.4551723,37.8122701
263.1,20.2,908,-122.4552718,37.812182
263.4,20.2,909,-122.4553717,37.8120912
263.7,20.2,910,-122.4554752,37.8119993
263.9,20.2,911,-122.4555796,37.8119074
264,20.3,912,-122.4556888,37.8118196
264.2,20.3,913,-122.4557959,37.8117308
264.3,20.4,914,-122.4559003,37.81164
264.5,20.4,915,-122.4560048,37.8115531
264.6,20.5,916,-122.4561075,37.8114708
264.7,20.5,917,-122.4562106,37.8113909
264.8,20.6,918,-122.45631,37.8113034
265,20.6,919,-122.4564106,37.8112159
265.2,20.7,920,-122.4565137,37.8111302
265.3,20.7,921,-122.4566164,37.8110456
265.4,20.7,922,-122.4567231,37.8109592
265.5,20.7,923,-122.4568276,37.8108708
265.6,20.7,924,-122.4569295,37.8107811
265.7,20.7,925,-122.4570355,37.8106962
265.7,20.7,926,-122.4571373,37.8106095
265.8,20.7,927,-122.4572384,37.8105236
265.8,20.7,928,-122.4573383,37.810446
265.7,20.6,929,-122.4574414,37.810392
265.7,20.6,930,-122.457537,37.8103651
265.7,20.6,931,-122.4576216,37.8103532
265.6,20.5,932,-122.4576963,37.8103538
265.6,20.5,933,-122.4577621,37.8103667
265.6,20.5,934,-122.4578157,37.8103929
265.5,20.5,935,-122.4578717,37.8104305
265.4,20.4,936,-122.4579296,37.8104762
265.4,20.4,937,-122.4579936,37.8105269
265.3,20.3,938,-122.458059,37.8105812
265.2,20.3,939,-122.4581308,37.8106348
265.1,20.2,940,-122.4582051,37.8106825
265.1,20.2,941,-122.4582849,37.8107279
265,20.1,942,-122.4583637,37.8107785
264.9,20,943,-122.4584458,37.8108293
264.9,20,944,-122.4585298,37.8108838
264.9,19.9,945,-122.4586157,37.8109422
264.9,19.8,946,-122.4587048,37.8110011
264.9,19.7,947,-122.4587954,37.8110633
264.9,19.6,948,-122.4588887,37.8111298
264.9,19.6,949,-122.4589825,37.811196
264.8,19.5,950,-122.4590736,37.8112618
264.7,19.4,951,-122.4591651,37.8113278
264.6,19.4,952,-122.4592548,37.8113949
264.4,19.3,953,-122.4593456,37.8114594
264.2,19.3,954,-122.4594382,37.8115236
263.9,19.3,955,-122.4595284,37.8115914
263.7,19.3,956,-122.4596188,37.8116597
263.4,19.3,957,-122.4597123,37.8117218
263.2,19.3,958,-122.4598107,37.8117822
263,19.3,959,-122.4599083,37.8118433
262.8,19.3,960,-122.4600055,37.8119046
262.7,19.3,961,-122.4600995,37.8119655
262.6,19.3,962,-122.4601965,37.8120271
262.5,19.3,963,-122.4602911,37.8120894
262.5,19.3,964,-122.4603821,37.8121523
262.5,19.4,965,-122.4604748,37.8122125
262.5,19.4,966,-122.4605683,37.8122709
262.6,19.5,967,-122.4606561,37.8123301
262.7,19.5,968,-122.4607461,37.8123911
262.8,19.5,969,-122.4608358,37.8124526
262.8,19.6,970,-122.4609249,37.8125124
262.9,19.6,971,-122.4610146,37.8125691
263,19.6,972,-122.4611063,37.8126257
263,19.6,973,-122.4611987,37.8126809
263,19.6,974,-122.4612937,37.8127382
263.1,19.6,975,-122.4613902,37.8127974
263.1,19.6,976,-122.4614858,37.812859
263.1,19.6,977,-122.4615811,37.8129244
263.1,19.5,978,-122.4616777,37.8129934
263,19.5,979,-122.4617738,37.8130604
263.1,19.5,980,-122.4618693,37.8131245
263.2,19.4,981,-122.4619657,37.8131872
263.3,19.4,982,-122.4620636,37.8132486
263.4,19.4,983,-122.4621622,37.813311
263.5,19.3,984,-122.4622614,37.8133734
263.7,19.3,985,-122.4623613,37.8134364
264,19.2,986,-122.462462,37.8135
264.2,19.2,987,-122.4625608,37.8135654
264.4,19.1,988,-122.4626614,37.8136328
264.6,19.1,989,-122.4627619,37.8137025
264.8,19,990,-122.4628655,37.8137727
264.9,18.9,991,-122.4629682,37.8138463
265.1,18.9,992,-122.4630716,37.813924
265.1,18.8,993,-122.4631757,37.8140006
265.2,18.8,994,-122.463275,37.8140876
265.2,18.8,995,-122.4633612,37.8141891
265.2,18.8,996,-122.4634263,37.8143114
265.2,18.8,997,-122.46345,37.8144559
265.2,18.8,998,-122.463426,37.8146126
265.2,18.8,999,-122.4633549,37.8147739
265.2,18.8,1000,-122.4632373,37.814932
265.2,18.7,1001,-122.4630763,37.8150721
265.2,18.7,1002,-122.462888,37.8151973
265.2,18.7,1003,-122.4626923,37.8153177
265.3,18.7,1004,-122.4624759,37.8154154
265.3,18.7,1005,-122.462253,37.8155008
265.3,18.6,1006,-122.4620267,37.8155795
265.3,18.6,1007,-122.4618005,37.8156528
265.3,18.5,1008,-122.4615744,37.8157192
265.3,18.5,1009,-122.4613469,37.8157788
265.3,18.5,1010,-122.4611171,37.8158298
265.3,18.5,1011,-122.4608874,37.8158775
265.3,18.5,1012,-122.4606666,37.8159323
265.3,18.5,1013,-122.4604502,37.8159885
265.3,18.5,1014,-122.4602409,37.8160579
265.3,18.5,1015,-122.4600411,37.8161363
265.3,18.6,1016,-122.4598446,37.8162117
265.3,18.6,1017,-122.4596431,37.8162778
265.3,18.6,1018,-122.4594387,37.8163441
265.3,18.7,1019,-122.4592347,37.8164114
265.3,18.7,1020,-122.4590291,37.8164751
265.3,18.7,1021,-122.4588225,37.8165356
265.3,18.8,1022,-122.4586152,37.8165932
265.3,18.8,1023,-122.4584051,37.8166433
265.3,18.8,1024,-122.4581935,37.8166912
265.4,18.8,1025,-122.457985,37.8167418
265.5,18.8,1026,-122.4577769,37.81679
265.6,18.8,1027,-122.4575695,37.8168461
265.8,18.8,1028,-122.4573641,37.8169038
266,18.8,1029,-122.4571619,37.8169577
266.2,18.8,1030,-122.4569581,37.817011
266.5,18.8,1031,-122.456757,37.8170696
266.8,18.8,1032,-122.4565562,37.8171292
267,18.8,1033,-122.456354,37.8171875
267.3,18.9,1034,-122.456149,37.8172338
267.5,18.9,1035,-122.4559438,37.8172727
267.7,18.9,1036,-122.4557398,37.8173062
268,18.9,1037,-122.4555378,37.8173378
268.2,18.9,1038,-122.4553372,37.8173775
268.5,19,1039,-122.4551391,37.8174302
268.7,19,1040,-122.4549401,37.8174777
268.9,19,1041,-122.4547392,37.8175153
269.1,19.1,1042,-122.454536,37.8175379
269.2,19.1,1043,-122.4543345,37.8175378
269.3,19.1,1044,-122.4541458,37.8175131
269.3,19.2,1045,-122.453977,37.8174629
269.4,19.2,1046,-122.453826,37.8173911
269.3,19.3,1047,-122.4536886,37.8173056
269.3,19.3,1048,-122.4535596,37.8172128
269.3,19.4,1049,-122.453428,37.8171184
269.2,19.5,1050,-122.4532832,37.8170284
269.1,19.5,1051,-122.4531327,37.8169375
269.1,19.6,1052,-122.4529729,37.8168512
269.1,19.7,1053,-122.4528083,37.816767
269.1,19.7,1054,-122.4526368,37.8166848
269.2,19.8,1055,-122.4524611,37.8166027
269.3,19.8,1056,-122.4522866,37.8165143
269.4,19.8,1057,-122.4521174,37.8164153
269.5,19.9,1058,-122.4519387,37.8163223
269.6,19.9,1059,-122.4517512,37.8162368
269.8,19.9,1060,-122.4515653,37.8161428
270,19.9,1061,-122.4513781,37.8160457
270.2,19.9,1062,-122.4511869,37.815951
270.5,19.9,1063,-122.4509921,37.8158586
270.8,19.8,1064,-122.4507933,37.8157722
271,19.8,1065,-122.4506019,37.8156769
271.3,19.8,1066,-122.4504097,37.8155801
271.6,19.8,1067,-122.4502089,37.8154943
271.9,19.8,1068,-122.4500049,37.8154066
272.2,19.7,1069,-122.4498007,37.8153094
272.5,19.7,1070,-122.4495868,37.815221
272.8,19.7,1071,-122.449363,37.8151438
273.1,19.6,1072,-122.4491384,37.815069
273.5,19.6,1073,-122.4489066,37.81501
273.8,19.6,1074,-122.4486739,37.8149529
274,19.5,1075,-122.448453,37.8148798
274.3,19.5,1076,-122.448245,37.8147946
274.4,19.5,1077,-122.4480374,37.814706
274.6,19.5,1078,-122.4478217,37.81463
274.6,19.4,1079,-122.4475969,37.814566
274.7,19.4,1080,-122.4473703,37.8145046
274.6,19.3,1081,-122.4471441,37.814437
274.6,19.3,1082,-122.4469211,37.8143653
274.4,19.3,1083,-122.4466968,37.8142995
274.2,19.2,1084,-122.4464724,37.8142375
274,19.2,1085,-122.4462488,37.8141713
273.6,19.1,1086,-122.4460232,37.8141052
273.2,19.1,1087,-122.4457964,37.8140415
272.9,19.1,1088,-122.4455672,37.8139825
272.4,19,1089,-122.4453352,37.8139269
272.2,19,1090,-122.4451019,37.8138775
271.8,18.9,1091,-122.4448676,37.8138378
271.6,18.8,1092,-122.4446341,37.8137943
271.4,18.8,1093,-122.4444021,37.8137506
271.3,18.7,1094,-122.4441743,37.8136992
271.1,18.6,1095,-122.4439476,37.8136431
271.1,18.6,1096,-122.4437227,37.8135878
271,18.5,1097,-122.443496,37.8135421
270.9,18.4,1098,-122.4432699,37.8135013
270.9,18.4,1099,-122.4430462,37.8134582
270.9,18.3,1100,-122.4428242,37.8134111
270.9,18.2,1101,-122.4425991,37.8133663
270.9,18.2,1102,-122.442375,37.8133185
270.8,18.1,1103,-122.4421506,37.81327
270.7,18.1,1104,-122.4419257,37.8132221
270.5,18.1,1105,-122.441701,37.8131702
270.3,18,1106,-122.4414747,37.8131211
270.1,18,1107,-122.4412461,37.8130763
269.9,18,1108,-122.4410178,37.8130271
269.5,17.9,1109,-122.4407899,37.81298
269.2,17.9,1110,-122.4405641,37.8129291
268.9,17.9,1111,-122.4403387,37.8128759
268.6,17.8,1112,-122.440113,37.8128231
268.2,17.8,1113,-122.4398889,37.8127705
267.9,17.7,1114,-122.4396628,37.8127198
267.7,17.7,1115,-122.4394375,37.8126667
267.4,17.6,1116,-122.4392119,37.8126142
267.1,17.6,1117,-122.4389844,37.8125681
266.9,17.5,1118,-122.4387559,37.8125208
266.6,17.5,1119,-122.4385263,37.8124789
266.4,17.5,1120,-122.4382963,37.8124377
266.2,17.5,1121,-122.4380673,37.8123956
266,17.5,1122,-122.4378414,37.8123456
265.7,17.5,1123,-122.4376149,37.812301
265.5,17.5,1124,-122.4373907,37.8122575
265.3,17.5,1125,-122.4371671,37.8122181
265.1,17.6,1126,-122.4369427,37.8121825
264.9,17.6,1127,-122.4367205,37.8121368
264.8,17.7,1128,-122.4364977,37.812088
264.7,17.7,1129,-122.4362723,37.8120436
264.6,17.8,1130,-122.4360459,37.8120006
264.6,17.9,1131,-122.4358184,37.8119589
264.6,18,1132,-122.4355889,37.8119213
264.6,18.1,1133,-122.4353588,37.8118823
264.5,18.1,1134,-122.4351288,37.8118423
264.5,18.2,1135,-122.4348994,37.8118032
264.4,18.2,1136,-122.4346725,37.8117611
264.4,18.3,1137,-122.4344456,37.8117231
264.3,18.3,1138,-122.4342187,37.8116875
264.3,18.3,1139,-122.4339906,37.8116527
264.2,18.3,1140,-122.4337624,37.8116115
264.1,18.3,1141,-122.4335307,37.8115732
263.9,18.3,1142,-122.4333048,37.811531
263.7,18.3,1143,-122.4330757,37.8114917
263.5,18.2,1144,-122.4328494,37.8114479
263.2,18.2,1145,-122.432623,37.8114148
262.9,18.1,1146,-122.4323959,37.8113947
262.5,18,1147,-122.4321711,37.8113853
262.2,18,1148,-122.4319548,37.811394
261.9,17.9,1149,-122.4317515,37.8114244
261.6,17.9,1150,-122.4315634,37.8114804
261.4,17.8,1151,-122.4313986,37.8115593
261.2,17.8,1152,-122.4312465,37.8116487
261.1,17.7,1153,-122.4310928,37.8117396
261,17.7,1154,-122.4309271,37.8118261
261,17.7,1155,-122.4307568,37.8119142
261,17.7,1156,-122.4305786,37.8119974
261.1,17.6,1157,-122.4303885,37.8120694
261.2,17.6,1158,-122.4301937,37.8121373
261.3,17.6,1159,-122.4300054,37.8122159
261.4,17.6,1160,-122.4298159,37.8122953
261.5,17.6,1161,-122.4296243,37.8123725
261.6,17.6,1162,-122.4294309,37.8124519
261.6,17.6,1163,-122.4292368,37.8125315
261.7,17.6,1164,-122.4290424,37.8126123
261.7,17.6,1165,-122.4288477,37.8126924
261.8,17.6,1166,-122.4286528,37.8127708
261.8,17.7,1167,-122.4284603,37.8128481
261.8,17.7,1168,-122.4282696,37.8129291
261.7,17.7,1169,-122.4280764,37.8130025
261.7,17.7,1170,-122.4278817,37.8130749
261.7,17.7,1171,-122.4276883,37.8131495
261.7,17.7,1172,-122.4274944,37.8132232
261.6,17.7,1173,-122.4273047,37.8133013
261.6,17.7,1174,-122.4271142,37.8133783
261.6,17.7,1175,-122.4269233,37.8134545
261.6,17.6,1176,-122.4267309,37.813532
261.5,17.6,1177,-122.4265446,37.8136158
261.5,17.6,1178,-122.4263645,37.8137061
261.5,17.7,1179,-122.4261838,37.8137946
261.5,17.7,1180,-122.4260012,37.8138861
261.5,17.7,1181,-122.4258174,37.8139791
261.5,17.7,1182,-122.425629,37.8140711
261.5,17.8,1183,-122.4254446,37.8141709
261.6,17.8,1184,-122.4252553,37.8142664
261.6,17.9,1185,-122.4250665,37.8143619
261.6,17.9,1186,-122.4248782,37.8144604
261.6,17.9,1187,-122.4246881,37.8145595
261.6,18,1188,-122.424499,37.8146605
261.6,18,1189,-122.4243097,37.8147622
261.6,18,1190,-122.424114,37.8148568
261.6,18.1,1191,-122.4239168,37.8149485
261.6,18.1,1192,-122.4237199,37.8150423
261.6,18.1,1193,-122.4235217,37.8151343
261.6,18.1,1194,-122.4233273,37.81523
261.6,18.1,1195,-122.4231286,37.8153184
261.6,18.1,1196,-122.422928,37.8154023
261.7,18.2,1197,-122.4227363,37.8154948
261.9,18.2,1198,-122.4225449,37.8155829
262.1,18.2,1199,-122.4223581,37.8156733
262.3,18.2,1200,-122.4221743,37.8157679
262.5,18.2,1201,-122.4219934,37.8158619
262.7,18.2,1202,-122.4218195,37.8159591
262.9,18.2,1203,-122.4216511,37.8160593
263.1,18.2,1204,-122.4214794,37.8161586
263.2,18.3,1205,-122.4213045,37.8162551
263.3,18.3,1206,-122.4211294,37.8163521
263.4,18.3,1207,-122.420953,37.816448
263.4,18.3,1208,-122.4207796,37.8165468
263.4,18.3,1209,-122.4206089,37.8166461
263.3,18.4,1210,-122.4204329,37.8167395
263.1,18.4,1211,-122.4202562,37.8168318
262.8,18.4,1212,-122.4200835,37.8169287
262.5,18.4,1213,-122.4199131,37.8170284
262.1,18.4,1214,-122.4197427,37.8171266
261.8,18.5,1215,-122.4195694,37.817224
261.5,18.5,1216,-122.4193977,37.8173259
261.1,18.5,1217,-122.4192216,37.8174278
260.9,18.5,1218,-122.4190451,37.8175303
260.6,18.5,1219,-122.4188661,37.8176348
260.4,18.5,1220,-122.418688,37.8177382
260.1,18.5,1221,-122.4185094,37.8178385
260,18.5,1222,-122.4183314,37.8179337
259.7,18.5,1223,-122.4181588,37.818032
259.5,18.6,1224,-122.4179885,37.8181307
259.3,18.6,1225,-122.4178161,37.8182265
259.1,18.6,1226,-122.4176499,37.818326
258.8,18.6,1227,-122.4174862,37.8184259
258.5,18.6,1228,-122.4173229,37.8185254
258.3,18.7,1229,-122.4171571,37.8186231
258,18.7,1230,-122.4169948,37.8187253
257.7,18.7,1231,-122.4168313,37.8188253
257.4,18.7,1232,-122.4166709,37.8189263
257.2,18.7,1233,-122.4165156,37.81903
256.9,18.7,1234,-122.416362,37.8191347
256.7,18.7,1235,-122.4162059,37.8192378
256.4,18.7,1236,-122.4160511,37.8193441
256.2,18.7,1237,-122.4158951,37.8194511
255.9,18.7,1238,-122.4157365,37.8195595
255.7,18.7,1239,-122.4155743,37.8196678
255.4,18.7,1240,-122.4154046,37.8197713
255.2,18.7,1241,-122.4152326,37.8198729
255,18.7,1242,-122.4150611,37.8199758
254.8,18.7,1243,-122.4148962,37.8200879
254.5,18.7,1244,-122.4147337,37.8202014
254.2,18.8,1245,-122.4145698,37.8203115
254,18.8,1246,-122.4144055,37.8204224
253.8,18.8,1247,-122.4142393,37.820533
253.6,18.9,1248,-122.4140731,37.8206425
253.3,18.9,1249,-122.4139076,37.8207515
253.1,19,1250,-122.4137446,37.8208592
253,19,1251,-122.4135858,37.8209654
252.8,19.1,1252,-122.4134305,37.8210719
252.7,19.1,1253,-122.4132759,37.8211768
252.6,19.1,1254,-122.4131312,37.8212866
252.6,19.2,1255,-122.4129931,37.8213968
252.6,19.2,1256,-122.4128492,37.821501
252.6,19.2,1257,-122.4127087,37.8216083
252.5,19.2,1258,-122.4125676,37.8217144
252.4,19.1,1259,-122.4124267,37.8218169
252.3,19.1,1260,-122.4122859,37.8219195
252.2,19.1,1261,-122.4121465,37.8220213
252.1,19.1,1262,-122.4120085,37.8221227
251.9,19.1,1263,-122.4118703,37.8222207
251.8,19.1,1264,-122.4117334,37.8223173
251.6,19.1,1265,-122.4115976,37.8224139
251.5,19,1266,-122.4114604,37.8225099
251.3,19,1267,-122.4113258,37.8226078
251.2,19,1268,-122.4111908,37.8227046
251,19,1269,-122.4110626,37.8228039
250.9,19,1270,-122.4109372,37.8229017
250.7,18.9,1271,-122.4108092,37.822999
250.5,18.9,1272,-122.4106827,37.8230963
250.4,18.9,1273,-122.4105582,37.8231932
250.2,18.8,1274,-122.4104353,37.8232921
250.1,18.8,1275,-122.4103189,37.8233933
250.1,18.8,1276,-122.4102015,37.8234952
250,18.8,1277,-122.4100766,37.8235922
250,18.7,1278,-122.4099429,37.8236814
250,18.7,1279,-122.409802,37.8237624
250,18.7,1280,-122.409655,37.8238272
250,18.7,1281,-122.4095027,37.823871
250.1,18.8,1282,-122.4093493,37.8238863
250.1,18.8,1283,-122.4091991,37.8238812
250.2,18.8,1284,-122.4090583,37.823862
250.2,18.8,1285,-122.4089302,37.8238334
250.2,18.9,1286,-122.4088103,37.8237951
250.3,18.9,1287,-122.4086905,37.8237571
250.3,18.9,1288,-122.4085692,37.8237136
250.3,19,1289,-122.4084461,37.8236624
250.3,19,1290,-122.4083172,37.8236097
250.3,19.1,1291,-122.4081816,37.8235558
250.3,19.1,1292,-122.4080371,37.8235095
250.3,19.2,1293,-122.4078802,37.8234719
250.3,19.2,1294,-122.4077109,37.8234386
250.3,19.3,1295,-122.4075347,37.8234089
250.3,19.3,1296,-122.4073492,37.8233905
250.3,19.4,1297,-122.4071582,37.8233674
250.3,19.4,1298,-122.4069627,37.823346
250.2,19.4,1299,-122.4067629,37.8233323
250.2,19.4,1300,-122.4065612,37.8233197
250.2,19.4,1301,-122.4063585,37.823315
250.2,19.4,1302,-122.4061514,37.8233064
250.2,19.4,1303,-122.4059434,37.8232843
250.2,19.4,1304,-122.4057367,37.8232667
250.2,19.3,1305,-122.4055265,37.8232512
250.2,19.3,1306,-122.405314,37.8232326
250.2,19.2,1307,-122.4051031,37.8232265
250.2,19.2,1308,-122.4048921,37.8232248
250.2,19.1,1309,-122.4046814,37.823216
250.2,19,1310,-122.4044722,37.8232095
250.2,19,1311,-122.4042598,37.8232008
250.3,19,1312,-122.4040454,37.823187
250.3,18.9,1313,-122.4038324,37.8231774
250.3,18.9,1314,-122.4036174,37.8231757
250.3,18.9,1315,-122.4033992,37.8231621
250.3,18.9,1316,-122.4031811,37.8231507
250.2,18.9,1317,-122.4029636,37.8231451
250.1,18.9,1318,-122.4027456,37.8231308
249.9,18.9,1319,-122.4025247,37.8231192
249.8,18.9,1320,-122.4023039,37.82311
249.6,18.9,1321,-122.4020832,37.8231064
249.4,19,1322,-122.4018622,37.8230981
249.2,19,1323,-122.4016412,37.8230773
249.1,19,1324,-122.4014243,37.8230335
248.9,19,1325,-122.4012154,37.8229765
248.8,18.9,1326,-122.4010059,37.8229193
248.7,18.9,1327,-122.400812,37.8228333
248.7,18.9,1328,-122.4006414,37.8227238
248.7,18.8,1329,-122.4004719,37.8226162
248.7,18.8,1330,-122.4003214,37.8224903
248.7,18.7,1331,-122.4002119,37.8223389
248.8,18.6,1332,-122.4001515,37.822181
248.8,18.5,1333,-122.4001061,37.822023
248.9,18.4,1334,-122.4000712,37.8218613
248.9,18.3,1335,-122.4000504,37.8216961
249,18.2,1336,-122.4000464,37.8215294
249,18.1,1337,-122.4000526,37.8213623
249.1,18,1338,-122.4000692,37.8212008
249.1,18,1339,-122.4000844,37.8210377
249.1,17.9,1340,-122.4001137,37.8208772
249.1,17.8,1341,-122.4001502,37.8207189
249.1,17.7,1342,-122.4001863,37.8205623
249.1,17.6,1343,-122.4002157,37.820406
249.1,17.5,1344,-122.4002403,37.8202497
249.1,17.5,1345,-122.4002639,37.8200914
249.1,17.4,1346,-122.4002918,37.8199326
249,17.4,1347,-122.4003235,37.819776
249,17.3,1348,-122.4003546,37.819622
249,17.3,1349,-122.40038,37.819465
249,17.2,1350,-122.4004086,37.819306
249,17.2,1351,-122.400442,37.8191486
249,17.2,1352,-122.4004717,37.8189901
249,17.1,1353,-122.400491,37.818829
249,17.1,1354,-122.4005072,37.8186682
249,17.1,1355,-122.4005229,37.8185078
249,17,1356,-122.4005397,37.8183453
249,17,1357,-122.4005565,37.8181813
249,17,1358,-122.4005758,37.8180175
249,17,1359,-122.4005934,37.8178527
249,16.9,1360,-122.4006089,37.8176896
249,16.9,1361,-122.4006277,37.8175298
249,16.9,1362,-122.4006481,37.8173702
249,16.9,1363,-122.4006705,37.8172089
249,16.9,1364,-122.4006905,37.8170485
249,16.9,1365,-122.4007044,37.81689
249,16.9,1366,-122.4007177,37.8167329
249,16.9,1367,-122.4007303,37.8165774
249,16.9,1368,-122.4007445,37.816423
249,16.9,1369,-122.4007431,37.8162626
249,16.9,1370,-122.4007348,37.8160965
249,16.9,1371,-122.4007364,37.8159314
249,17,1372,-122.4007507,37.8157691
249,17,1373,-122.4007576,37.8156018
249,17,1374,-122.4007773,37.8154365
249,17,1375,-122.4007989,37.8152734
249,17,1376,-122.4008149,37.8151094
249,17.1,1377,-122.4008339,37.8149438
249,17.1,1378,-122.4008554,37.8147771
249,17.1,1379,-122.4008779,37.814611
249,17.1,1380,-122.4008992,37.8144423
249,17.1,1381,-122.4009243,37.8142751
249,17.1,1382,-122.4009457,37.8141074
249,17.1,1383,-122.4009555,37.8139391
249,17.1,1384,-122.4009678,37.8137739
249,17.1,1385,-122.400972,37.8136091
249,17.2,1386,-122.4009721,37.813443
249,17.2,1387,-122.4009741,37.8132706
249,17.2,1388,-122.4009768,37.8130962
249,17.2,1389,-122.4009815,37.8129235
249,17.2,1390,-122.4009793,37.812754
249,17.2,1391,-122.4009791,37.812588
249,17.2,1392,-122.400987,37.8124227
249,17.2,1393,-122.4009848,37.812258
249,17.2,1394,-122.4009653,37.8120956
249,17.1,1395,-122.4009477,37.8119379
249,17.1,1396,-122.4009313,37.8117768
249,17.1,1397,-122.4009141,37.811611
249,17,1398,-122.4008971,37.8114411
249,17,1399,-122.400883,37.8112748
249,16.9,1400,-122.4008674,37.8111095
249,16.9,1401,-122.400855,37.8109427
249,16.8,1402,-122.4008457,37.8107811
249,16.8,1403,-122.4008449,37.8106282
249,16.8,1404,-122.4008446,37.8104798
249,16.7,1405,-122.4008409,37.8103351
249,16.7,1406,-122.40084,37.8101953
249,16.7,1407,-122.4008363,37.8100601
249,16.7,1408,-122.4008336,37.8099301
249,16.7,1409,-122.4008333,37.8098006
249,16.7,1410,-122.4008255,37.8096691
249,16.7,1411,-122.4007984,37.8095336
249,16.7,1412,-122.4007576,37.8093944
249,16.7,1413,-122.4007115,37.8092498
249,16.7,1415,-122.4006105,37.8089545
249,16.8,1420,-122.400449,37.8082972
249,16.8,1421,-122.4004,37.8081949
249,16.9,1422,-122.4003411,37.8080982
249,16.9,1423,-122.4002751,37.8080068
249,17,1424,-122.4002018,37.8079223
249,17.1,1425,-122.4001194,37.8078412
249,17.2,1426,-122.4000348,37.8077585
249,17.3,1427,-122.399948,37.8076756
249,17.4,1428,-122.3998684,37.807591
249,17.5,1429,-122.399791,37.807507
249,17.5,1430,-122.3997107,37.807426
249,17.6,1431,-122.3996223,37.8073519
249,17.7,1432,-122.3995247,37.8072873
249,17.7,1433,-122.3994227,37.8072324
249,17.7,1434,-122.3993198,37.8071876
249,17.8,1435,-122.3992181,37.807153
249,17.8,1436,-122.3991193,37.8071232
249,17.8,1437,-122.3990238,37.8070957
249,17.7,1438,-122.3989329,37.8070701
249,17.7,1439,-122.3988441,37.8070464
249,17.7,1440,-122.398756,37.8070264
249,17.6,1441,-122.3986705,37.8070071
249,17.6,1442,-122.3985884,37.8069867
249,17.5,1443,-122.3985086,37.8069669
249,17.4,1444,-122.3984316,37.8069478
249,17.4,1445,-122.3983575,37.80693
249,17.3,1446,-122.3982861,37.8069118
249,17.2,1447,-122.3982163,37.8068936
249,17.2,1448,-122.3981489,37.8068749
249,17.1,1449,-122.3980816,37.8068555
249,17,1450,-122.3980147,37.806835
249,17,1451,-122.3979471,37.8068136
249,16.9,1452,-122.397879,37.8067911
249,16.9,1453,-122.3978096,37.806768
249,16.8,1454,-122.3977424,37.8067439
249,16.8,1455,-122.3976742,37.8067189
249,16.8,1456,-122.3976072,37.8066931
249,16.8,1457,-122.3975417,37.8066671
249,16.8,1458,-122.3974774,37.8066411
249,16.9,1459,-122.3974139,37.8066157
249,16.9,1460,-122.397352,37.8065904
249,16.9,1461,-122.3972916,37.806564
249,17,1462,-122.3972328,37.8065376
249,17,1463,-122.3971738,37.8065121
249,17.1,1464,-122.3971134,37.8064863
249,17.2,1465,-122.3970571,37.806457
249,17.3,1466,-122.3970054,37.8064223
249,17.3,1467,-122.3969544,37.8063851
249,17.4,1468,-122.3969046,37.8063463
249,17.4,1469,-122.396855,37.8063055
249,17.5,1470,-122.3968078,37.8062641
249,17.5,1471,-122.3967615,37.8062221
249,17.6,1472,-122.3967125,37.8061799
249,17.6,1473,-122.3966619,37.8061368
249,17.6,1474,-122.3966109,37.8060911
249,17.6,1475,-122.3965626,37.8060403
249,17.6,1476,-122.396522,37.8059849
249,17.6,1477,-122.3964927,37.8059251
249,17.5,1478,-122.3964769,37.8058608
249,17.5,1479,-122.3964726,37.8057931
249,17.5,1480,-122.3964822,37.8057249
249,17.4,1481,-122.3965053,37.8056584
249,17.4,1482,-122.3965405,37.8055979
249,17.4,1483,-122.396583,37.8055439
249,17.3,1484,-122.3966297,37.8054989
249,17.3,1485,-122.3966761,37.8054623
249,17.2,1486,-122.3967236,37.8054348
249,17.2,1487,-122.3967705,37.8054153
249,17.1,1488,-122.3968109,37.8053929
249,17.1,1489,-122.3968442,37.8053669
249,17.1,1490,-122.3968739,37.8053419
249,17,1491,-122.3969021,37.805322
249,17,1492,-122.396929,37.8053079
249,17,1493,-122.3969555,37.8052991
249,17,1494,-122.396983,37.8052942
249,17.1,1495,-122.397013,37.8052948
249,17.1,1496,-122.3970489,37.8052989
249,17.2,1497,-122.3970927,37.805308
249,17.2,1498,-122.3971476,37.8053232
249,17.3,1499,-122.3972112,37.8053463
249,17.4,1500,-122.3972834,37.8053788
249,17.5,1501,-122.397364,37.8054156
249,17.6,1502,-122.3974488,37.8054578
249,17.8,1503,-122.3975399,37.8055018
249,17.9,1504,-122.397632,37.8055463
